input,target_position,completion
Amy tells Zoe. James trusts Brian. Paul meets Karen. David finds Ryan. Mike needs Jane. Anna visits Olivia. Amy tells,1,Zoe
Laura helps Andrew. Amy loves Zoe. Mary follows Brian. Emma thanks Helen. John meets Robert. Tom texts Thomas. Laura helps,1,Andrew
Anna hates Jake. Laura sees Brian. Tom texts Olivia. Susan loves Adam. Chris knows Karen. Paul wants Ryan. Anna hates,1,Jake
Anna pays Karen. Laura calls Grace. Lisa knows Jake. Mike likes Brian. Tom follows Ryan. Mary finds Daniel. Anna pays,1,Karen
Mike tells Grace. John knows Helen. Tom visits Eric. David wants Daniel. Mark trusts Lucy. Lisa needs Brian. Mike tells,1,Grace
Emma tells Andrew. David trusts Karen. Anna follows Olivia. Lisa asks Brian. Sarah hates Linda. Susan sees Adam. Emma tells,1,Andrew
Mark likes Daniel. Lisa finds Helen. John knows Emily. Chris texts Brian. Paul follows Jake. Anna asks Sophia. Mark likes,1,Daniel
Paul fears Thomas. David wants Brian. Mark thanks Jason. Kevin follows Jane. Alex knows Emily. James helps Robert. Paul fears,1,Thomas
Peter visits Helen. John helps Eric. Mark fears Jason. Amy finds Ryan. Kate loves Brian. James follows Jake. Peter visits,1,Helen
Laura hates Jason. James likes Helen. Alex needs Daniel. Tom calls Zoe. John loves Adam. Paul follows Jake. Laura hates,1,Jason
Alex trusts Daniel. Kate thanks Emily. Sarah likes Brian. Peter helps Helen. Mary visits Robert. Laura asks Thomas. Alex trusts,1,Daniel
Paul follows Karen. Laura wants Ryan. James loves Eric. Anna visits Zoe. Lisa hates Linda. Amy calls Lucy. Paul follows,1,Karen
Mark asks Karen. Kate texts Sophia. James hates Daniel. Kevin tells Jason. Mary visits Brian. Amy meets Robert. Mark asks,1,Karen
Peter needs Daniel. Anna helps Lucy. James follows Karen. Mike wants Eric. Sarah fears Ryan. Kate meets Helen. Peter needs,1,Daniel
Emma hates Daniel. Mary texts Jane. Paul likes Brian. Chris finds Robert. Anna follows Helen. Susan sees Thomas. Emma hates,1,Daniel
John helps Jason. Paul fears Lucy. Laura visits Linda. Peter asks Thomas. Kate thanks Andrew. Sarah knows Robert. John helps,1,Jason
Sarah helps Daniel. Susan meets Karen. Tom thanks Ryan. David sees Sophia. Alex finds Brian. Lisa follows Grace. Sarah helps,1,Daniel
Peter likes Jason. Paul helps Karen. Kate fears Adam. Mark meets Sophia. Tom follows Emily. Kevin visits Jake. Peter likes,1,Jason
Tom sees Zoe. Paul needs Helen. Mary pays Sophia. Kate meets Lucy. Peter hates Jason. Mike knows Emily. Tom sees,1,Zoe
Paul hates Karen. Mark sees Zoe. David calls Thomas. Amy helps Lucy. Lisa finds Helen. Sarah visits Robert. Paul hates,1,Karen
Mary needs Jake. Amy trusts Linda. Mike thanks Daniel. Sarah asks Lucy. Mark follows Olivia. David fears Sophia. Amy trusts,2,Linda
Laura fears Daniel. Anna hates Zoe. Susan asks Andrew. Kate calls Grace. Amy pays Helen. Paul likes Lucy. Anna hates,2,Zoe
Mark knows Jason. Tom calls Brian. Paul meets Olivia. Emma needs Eric. Chris hates Grace. Susan visits Thomas. Tom calls,2,Brian
Paul calls Eric. Kate sees Jane. Chris knows Jason. Alex tells Grace. Laura trusts Adam. Susan follows Jake. Kate sees,2,Jane
Emma follows Zoe. Mike fears Robert. Laura pays Linda. James calls Grace. Alex needs Ryan. Peter trusts Olivia. Mike fears,2,Robert
Lisa follows Sophia. James asks Jake. Susan knows Jane. Kate wants Andrew. Paul hates Brian. John texts Lucy. James asks,2,Jake
Alex sees Eric. Tom hates Brian. John likes Sophia. Kate helps Robert. Paul loves Ryan. David finds Linda. Tom hates,2,Brian
Alex fears Emily. Lisa pays Lucy. Kate meets Jake. Mark calls Brian. Mary asks Helen. Susan helps Jason. Lisa pays,2,Lucy
Emma knows Brian. Mary calls Linda. Lisa hates Jane. Chris needs Jason. Kevin visits Emily. Amy sees Grace. Mary calls,2,Linda
Kate wants Grace. Chris likes Emily. David trusts Linda. John hates Helen. Mike finds Brian. Paul follows Ryan. Chris likes,2,Emily
Lisa calls Brian. Tom finds Daniel. Susan helps Andrew. Sarah sees Ryan. Mary hates Eric. Kate texts Lucy. Tom finds,2,Daniel
Kate hates Olivia. Tom needs Eric. Mary finds Jane. Kevin visits Jason. Amy sees Daniel. Peter tells Jake. Tom needs,2,Eric
Sarah hates Olivia. Laura meets Brian. Lisa sees Adam. Mike finds Grace. Anna texts Sophia. Paul visits Karen. Laura meets,2,Brian
Susan knows Helen. James pays Sophia. Alex trusts Karen. Mike meets Daniel. Amy texts Jake. Tom follows Linda. James pays,2,Sophia
Kate hates Daniel. Laura sees Helen. Susan tells Jane. Paul helps Olivia. Chris pays Andrew. Emma texts Jake. Laura sees,2,Helen
Lisa helps Ryan. Mike sees Eric. Peter fears Helen. Mary calls Jane. Kate visits Sophia. James likes Jake. Mike sees,2,Eric
Kate likes Grace. Sarah texts Jake. Amy meets Brian. Lisa wants Andrew. Anna tells Linda. Chris asks Helen. Sarah texts,2,Jake
John hates Ryan. Mary wants Lucy. David likes Andrew. Sarah asks Sophia. Mark tells Zoe. Alex follows Linda. Mary wants,2,Lucy
James trusts Linda. Laura pays Adam. Peter follows Lucy. Kate fears Grace. David loves Emily. Paul tells Daniel. Laura pays,2,Adam
James asks Helen. Paul knows Jake. Alex pays Sophia. Kevin likes Zoe. Laura meets Jane. Sarah texts Emily. Paul knows,2,Jake
Paul likes Thomas. Mike tells Daniel. Emma visits Helen. John fears Grace. Sarah follows Ryan. Kate calls Brian. Emma visits,3,Helen
Sarah visits Thomas. Peter pays Daniel. Paul tells Karen. Mary thanks Eric. Susan hates Emily. John knows Ryan. Paul tells,3,Karen
Alex knows Andrew. Kate loves Brian. Chris pays Robert. Lisa likes Emily. Mike needs Sophia. David finds Eric. Chris pays,3,Robert
Amy helps Eric. Alex follows Jane. Mary tells Zoe. Mark calls Sophia. Susan texts Ryan. Lisa wants Daniel. Mary tells,3,Zoe
Lisa trusts Lucy. John hates Adam. Sarah helps Jake. Alex finds Linda. Tom needs Eric. Amy knows Daniel. Sarah helps,3,Jake
Amy loves Jane. David trusts Andrew. Paul hates Robert. Tom pays Thomas. Sarah wants Daniel. Mark sees Adam. Paul hates,3,Robert
Amy wants Andrew. Tom pays Robert. James asks Helen. Sarah thanks Thomas. David tells Adam. John calls Daniel. James asks,3,Helen
Chris visits Brian. Sarah likes Karen. Kevin texts Sophia. Anna trusts Thomas. John calls Adam. Paul loves Olivia. Kevin texts,3,Sophia
Susan tells Thomas. Mark hates Brian. Lisa wants Olivia. John fears Helen. Emma needs Daniel. Alex asks Adam. Lisa wants,3,Olivia
James follows Sophia. David likes Thomas. Kate helps Lucy. Tom needs Zoe. Peter fears Andrew. Kevin wants Jason. Kate helps,3,Lucy
Lisa likes Linda. Mark meets Eric. Mike follows Daniel. Laura asks Robert. Tom tells Karen. Alex hates Brian. Mike follows,3,Daniel
Mark thanks Adam. Paul loves Thomas. Laura trusts Lucy. Mary sees Ryan. James pays Jake. Tom follows Jane. Laura trusts,3,Lucy
David calls Jane. Peter asks Jake. John wants Linda. Mike sees Ryan. Anna loves Daniel. Alex pays Robert. John wants,3,Linda
Tom loves Emily. Susan calls Helen. Mike fears Jason. Mark finds Zoe. David helps Sophia. Lisa asks Ryan. Mike fears,3,Jason
Sarah visits Linda. Kate helps Eric. Kevin needs Emily. Anna fears Karen. Susan calls Olivia. Paul texts Helen. Kevin needs,3,Emily
James texts Jason. Mike likes Emily. Lisa helps Olivia. Mary follows Ryan. Sarah visits Grace. Anna tells Karen. Lisa helps,3,Olivia
Lisa meets Emily. Susan wants Grace. John calls Zoe. Paul trusts Andrew. Mary pays Brian. Amy sees Robert. John calls,3,Zoe
Kevin pays Helen. Kate loves Thomas. Peter visits Olivia. Lisa helps Karen. Mike knows Robert. Tom needs Jake. Peter visits,3,Olivia
Emma wants Ryan. Mike calls Brian. Tom sees Grace. Sarah hates Jason. Anna thanks Helen. Paul tells Daniel. Tom sees,3,Grace
Mary knows Jason. Amy needs Jane. Sarah hates Andrew. Peter trusts Sophia. Susan helps Ryan. Paul loves Karen. Sarah hates,3,Andrew
Susan sees Andrew. Emma asks Helen. Kate calls Emily. Anna helps Robert. Laura loves Jane. Tom visits Ryan. Anna helps,4,Robert
Paul finds Lucy. Kate wants Emily. David follows Grace. Kevin loves Daniel. Mary sees Olivia. Chris helps Helen. Kevin loves,4,Daniel
Amy meets Emily. Mike thanks Jason. David visits Karen. John fears Zoe. Sarah texts Brian. Paul pays Jane. John fears,4,Zoe
Lisa finds Ryan. James thanks Daniel. Tom sees Jake. Kevin trusts Olivia. John asks Linda. Mark knows Jane. Kevin trusts,4,Olivia
James likes Zoe. Anna wants Robert. David sees Adam. Emma asks Daniel. Mary helps Jane. Kate thanks Helen. Emma asks,4,Daniel
Tom wants Daniel. Lisa pays Jake. Laura likes Linda. Chris hates Robert. Mary meets Emily. Anna follows Thomas. Chris hates,4,Robert
Chris asks Adam. Peter visits Ryan. Mike calls Karen. Sarah texts Robert. Mark meets Olivia. David sees Jane. Sarah texts,4,Robert
Susan needs Thomas. Tom follows Adam. Chris calls Jane. Anna finds Jake. Lisa trusts Daniel. Mike thanks Eric. Anna finds,4,Jake
Peter thanks Brian. Paul asks Linda. Emma tells Olivia. Mary pays Lucy. Anna likes Grace. Amy finds Sophia. Mary pays,4,Lucy
Amy pays Emily. Mary wants Zoe. Mike calls Robert. Mark knows Thomas. Susan meets Daniel. Alex sees Sophia. Mark knows,4,Thomas
Emma thanks Daniel. Chris hates Brian. Mark follows Jason. John finds Eric. Tom wants Ryan. Mary texts Zoe. John finds,4,Eric
Mike asks Jane. Mark sees Helen. Sarah visits Sophia. James fears Olivia. Laura finds Zoe. Anna hates Jason. James fears,4,Olivia
Amy visits Lucy. Tom asks Jane. Mark fears Robert. Mary knows Grace. Alex wants Karen. James thanks Daniel. Mary knows,4,Grace
John likes Jane. Laura follows Brian. Mary trusts Olivia. Anna texts Emily. James hates Eric. Mike knows Zoe. Anna texts,4,Emily
Mike visits Karen. Anna loves Zoe. Chris needs Adam. Kevin meets Olivia. Paul wants Eric. Kate knows Robert. Kevin meets,4,Olivia
James finds Andrew. Susan helps Jane. David likes Linda. Emma tells Emily. Mark loves Robert. Kate trusts Lucy. Emma tells,4,Emily
Sarah needs Adam. Alex calls Jane. Mark fears Robert. Tom wants Grace. Emma finds Zoe. Lisa follows Emily. Tom wants,4,Grace
Emma sees Sophia. Susan pays Linda. Lisa likes Andrew. Peter meets Zoe. Mary loves Ryan. Mark texts Daniel. Peter meets,4,Zoe
Susan fears Brian. Mary loves Andrew. Paul knows Jake. Mike trusts Jason. Lisa meets Ryan. Sarah calls Adam. Mike trusts,4,Jason
Laura fears Eric. Mike needs Helen. Emma knows Andrew. Tom hates Brian. Mary likes Sophia. Chris loves Olivia. Tom hates,4,Brian
Tom knows Jason. Mary texts Grace. Kevin follows Robert. Anna meets Lucy. Mark pays Andrew. Paul visits Karen. Mark pays,5,Andrew
David meets Jason. Anna wants Lucy. Lisa loves Andrew. Kate needs Brian. Laura finds Daniel. Amy asks Emily. Laura finds,5,Daniel
Laura wants Sophia. John trusts Daniel. James likes Eric. Mary asks Grace. Susan sees Helen. Lisa visits Emily. Susan sees,5,Helen
Tom helps Daniel. Kate meets Robert. Peter finds Jason. Chris visits Grace. Kevin wants Thomas. Mary loves Jane. Kevin wants,5,Thomas
Emma knows Eric. Alex follows Helen. John wants Jake. Mary helps Karen. James sees Daniel. Tom calls Robert. James sees,5,Daniel
John follows Karen. Mary tells Emily. Kate calls Jake. Emma hates Lucy. Paul pays Olivia. Susan sees Linda. Paul pays,5,Olivia
Sarah texts Brian. Tom follows Olivia. Amy likes Grace. Kate helps Thomas. Laura fears Daniel. Kevin sees Emily. Laura fears,5,Daniel
David trusts Adam. Amy helps Karen. Sarah hates Andrew. Susan sees Emily. Peter asks Helen. James visits Olivia. Peter asks,5,Helen
Tom visits Olivia. Lisa loves Zoe. Anna needs Robert. Laura likes Linda. Peter wants Adam. Mark fears Sophia. Peter wants,5,Adam
Kate needs Adam. Mary tells Andrew. Kevin likes Lucy. Amy hates Zoe. Laura visits Thomas. Mike loves Daniel. Laura visits,5,Thomas
Mark meets Helen. Amy pays Eric. Tom visits Grace. James tells Linda. Lisa helps Jake. Alex trusts Thomas. Lisa helps,5,Jake
Alex helps Adam. John trusts Grace. James loves Andrew. Paul thanks Emily. Kevin tells Jane. Anna follows Daniel. Kevin tells,5,Jane
Kate visits Robert. Lisa wants Emily. Alex likes Jake. James hates Jane. David calls Adam. Mark fears Olivia. David calls,5,Adam
John fears Emily. Lisa trusts Daniel. Kate follows Andrew. Mark wants Helen. Laura tells Thomas. Mary visits Jane. Laura tells,5,Thomas
Mike thanks Emily. John meets Brian. Alex trusts Grace. Emma follows Adam. Susan pays Karen. Sarah knows Ryan. Susan pays,5,Karen
Amy sees Eric. Kate loves Adam. Anna hates Grace. Paul needs Olivia. Peter texts Linda. Kevin knows Jason. Peter texts,5,Linda
Mark pays Thomas. Chris calls Eric. Mike knows Brian. Amy tells Sophia. Emma loves Jake. Sarah hates Ryan. Emma loves,5,Jake
Tom follows Ryan. Kevin thanks Karen. Anna visits Zoe. David meets Sophia. Chris sees Daniel. Mark trusts Lucy. Chris sees,5,Daniel
Paul asks Jason. Tom tells Jake. Chris likes Andrew. Sarah helps Daniel. Laura visits Karen. Anna texts Linda. Laura visits,5,Karen
David sees Adam. Paul helps Eric. Anna texts Daniel. John likes Robert. Mark pays Thomas. Laura finds Jake. Mark pays,5,Thomas
Paul calls Grace. James meets Thomas. Amy needs Robert. David texts Jason. Chris trusts Brian. Alex knows Emily. Alex knows,6,Emily
Kate calls Robert. Paul loves Helen. Tom meets Thomas. Laura wants Lucy. Lisa tells Grace. Alex sees Jane. Alex sees,6,Jane
Paul hates Lucy. Kevin calls Adam. Emma likes Andrew. Mary follows Jake. Susan texts Grace. Chris meets Karen. Chris meets,6,Karen
Sarah visits Zoe. Tom thanks Karen. Mike helps Sophia. Susan pays Daniel. James follows Andrew. Mark trusts Lucy. Mark trusts,6,Lucy
Amy wants Thomas. Peter meets Brian. Emma likes Karen. Tom tells Linda. David needs Lucy. Alex trusts Jake. Alex trusts,6,Jake
Chris asks Jake. Mark visits Adam. Lisa texts Helen. Kevin meets Linda. Tom finds Karen. Emma pays Robert. Emma pays,6,Robert
Mike fears Robert. Chris thanks Olivia. Sarah meets Emily. John needs Sophia. Alex asks Andrew. Mark follows Brian. Mark follows,6,Brian
Anna loves Jason. Tom texts Emily. Mary meets Karen. Alex follows Jake. Susan hates Sophia. John pays Daniel. John pays,6,Daniel
James wants Lucy. John thanks Robert. Emma loves Zoe. Lisa pays Jason. Laura finds Eric. Chris sees Jake. Chris sees,6,Jake
Laura thanks Linda. Kevin loves Thomas. Mary calls Zoe. Lisa knows Grace. James follows Jake. David trusts Helen. David trusts,6,Helen
Amy trusts Andrew. Anna finds Ryan. Lisa knows Linda. Susan pays Robert. John needs Helen. David thanks Zoe. David thanks,6,Zoe
Lisa thanks Jake. Mary texts Helen. Mark visits Brian. Laura tells Olivia. Sarah knows Grace. Peter helps Ryan. Peter helps,6,Ryan
John trusts Brian. Susan asks Andrew. Paul likes Jason. Emma hates Sophia. Tom visits Grace. Chris follows Emily. Chris follows,6,Emily
Mike knows Lucy. Laura texts Thomas. Chris pays Adam. Sarah sees Daniel. Mary follows Robert. Kevin tells Jason. Kevin tells,6,Jason
Mark asks Thomas. Peter helps Karen. Laura calls Lucy. Alex visits Linda. David knows Daniel. Susan wants Jake. Susan wants,6,Jake
James asks Brian. Amy likes Daniel. Sarah wants Jason. Tom tells Thomas. Mark knows Linda. John finds Eric. John finds,6,Eric
Susan knows Linda. Lisa tells Karen. John meets Jason. Anna thanks Daniel. Peter wants Adam. Mark trusts Robert. Mark trusts,6,Robert
Chris knows Brian. Anna asks Karen. Alex tells Jason. Lisa trusts Lucy. Paul likes Ryan. Mark thanks Grace. Mark thanks,6,Grace
Kevin pays Lucy. Mike loves Andrew. Mark trusts Emily. Sarah texts Thomas. Chris wants Olivia. Amy asks Jane. Amy asks,6,Jane
Chris hates Grace. Emma loves Zoe. Kate finds Lucy. Alex pays Adam. Mike fears Sophia. Peter asks Emily. Peter asks,6,Emily
