input,target_position,completion
Mike cooks Todd. Henry cooks Victor. Jordan cooks Amber. Austin cooks Sheila. Tim cooks Richard. Chris cooks Teresa. Luke cooks Paula. Joseph cooks Ron. Mike cooks,1,Todd
Austin fights Paula. Jake fights Noah. Lily fights Anthony. Charles fights Leon. Emma fights Richard. Lauren fights Lydia. Blake fights Andrea. Jenny fights Ralph. Austin fights,1,Paula
Brian affects Isaac. Amy affects Ron. Megan affects Patrick. George affects Alison. Henry affects William. Rose affects Sally. Liz affects Marie. Pat affects Shawn. Brian affects,1,Isaac
Max hates Violet. Juan hates Irene. James hates Tyler. Hope hates Sally. Robert hates Paula. Leon hates Vanessa. Keith hates Jean. Alex hates Roy. Max hates,1,Violet
John tells Howard. Kelly tells Violet. Arthur tells Sally. Katie tells Kathy. Sam tells Liz. James tells Wayne. Harry tells Irene. Grace tells Shirley. John tells,1,Howard
Claire serves Jacob. Faith serves Michelle. Rose serves Rachel. Helen serves Victoria. Linda serves Logan. Jeff serves Marie. Megan serves Ruby. Kathy serves Russell. Claire serves,1,Jacob
Joseph feels Angela. Blake feels Nathan. Carol feels Amelia. Kate feels Pam. Tony feels Maggie. Jeff feels Ted. Faith feels Rachel. Max feels Noah. Joseph feels,1,Angela
Ken offers Wanda. Kim offers Pam. Louis offers Norman. Matt offers Isabel. Peter offers Terry. Andrew offers Keith. Faith offers Ralph. Linda offers Ken. Ken offers,1,Wanda
Rad proposes Ralph. Jane proposes Stan. Susan proposes Joseph. Chris proposes Leo. Max proposes Pam. Jason proposes Shawn. Kim proposes Robin. Jacob proposes Jean. Rad proposes,1,Ralph
Harry finds Michelle. David finds Robin. Gary finds Jenny. Maria finds Teresa. Jordan finds Judy. Faith finds Tracy. Thomas finds Johnny. Emily finds Violet. Harry finds,1,Michelle
Bill alerts Lori. Marc alerts Rebecca. Jason alerts Norman. Austin alerts Kim. Jenny alerts Logan. Emma alerts Troy. June alerts Keith. Fred alerts Marc. Bill alerts,1,Lori
Greg judges Ralph. Linda judges Rachel. Alex judges Marie. Ken judges Judy. Claire judges Troy. Melissa judges Norman. Lisa judges Janet. Joseph judges Margaret. Greg judges,1,Ralph
Amy changes Ashley. Dave changes Peggy. Dennis changes Teresa. Tim changes Roy. Howard changes Leon. Katie changes Robin. Joe changes Joy. Ellen changes Pamela. Amy changes,1,Ashley
George hates Todd. Josh hates Julian. Lauren hates Walter. Dave hates Jacob. Linda hates Kay. Pat hates Ted. Emma hates Rebecca. Henry hates Neil. George hates,1,Todd
Nick protects Joy. Hope protects Ruby. Edward protects Pam. Claire protects Roger. Ben protects Sue. Jill protects Ron. Kelly protects Wayne. Anna protects Roy. Nick protects,1,Joy
Kurt wakes Sheila. Rose wakes Janet. Margaret wakes Nicholas. Carol wakes Martha. Lauren wakes Nicole. Katie wakes William. Brian wakes Valerie. Jason wakes Ted. Kurt wakes,1,Sheila
Emma asks Kara. Kate asks Martha. John asks Shirley. Edward asks Nancy. Joe asks Nicholas. Luke asks Alison. Johnny asks Walter. Adam asks Richard. Emma asks,1,Kara
Leo welcomes Olga. Emma welcomes Peggy. Sam welcomes Alison. Ian welcomes Sally. Jean welcomes Irene. Aaron welcomes Isaac. Daniel welcomes Lauren. Andrew welcomes Melanie. Leo welcomes,1,Olga
Melissa attacks Shirley. Kelly attacks Jenny. Pat attacks Martin. Justin attacks Ted. Bill attacks Pamela. Steve attacks Ron. Kate attacks Jean. Rick attacks Todd. Melissa attacks,1,Shirley
Alice finds Jill. Mike finds Marie. Eric finds Teresa. Ian finds Nicole. Henry finds Angela. Melissa finds Jerry. Scott finds Melanie. Lily finds Alexa. Alice finds,1,Jill
June pays Howard. Lisa pays Sean. Marie pays Lydia. Jason pays Stan. Dean pays Pamela. Howard pays Zach. Melissa pays Michael. Maggie pays Aiden. June pays,1,Howard
Katie needs Jordan. Dave needs Tracy. Max needs Sharon. Aaron needs Russell. Laura needs Keith. Chris needs Judy. Justin needs Monica. Robert needs Martin. Katie needs,1,Jordan
Jake builds Jenny. Megan builds Nancy. John builds Pam. Anne builds Jordan. Frank builds Stan. Steven builds Richard. Alex builds Rebecca. Adam builds Kurt. Jake builds,1,Jenny
Kim chooses Peggy. Howard chooses Kay. Josh chooses Adrian. Megan chooses Kim. Melissa chooses Keith. Edward chooses Liam. Jake chooses Kelly. Bill chooses Ken. Kim chooses,1,Peggy
Amy leaves Sheila. Bill leaves Shirley. Mike leaves Pam. Fred leaves Tracy. Margaret leaves Jacob. Dennis leaves Monica. Michael leaves Roy. Carol leaves Nathan. Amy leaves,1,Sheila
Pat tells Kurt. Grace tells Martha. Tom tells Kyle. Dean tells Alison. Emily tells Liz. Luke tells Michael. Kevin tells Phil. Chris tells Shawn. Pat tells,1,Kurt
Will respects Michael. Rick respects Nicole. Andrew respects Isabel. Linda respects Ray. Liz respects Peggy. Alice respects Rachel. James respects Aiden. Carl respects Troy. Will respects,1,Michael
Dean grabs Ted. Jack grabs Anthony. Adam grabs Russell. Helen grabs Sue. Margaret grabs Jacob. John grabs Ray. Keith grabs Ralph. Andrew grabs Violet. Dean grabs,1,Ted
Will backs Andrea. Nick backs Lori. Robert backs Jenny. Juan backs Alicia. Henry backs Oscar. Bill backs Joy. Kyle backs Walter. Peter backs Richard. Will backs,1,Andrea
Tim guards Oscar. Tony guards Russell. Jack guards Michelle. Mary guards Howard. Dennis guards Leon. Harry guards Logan. Paul guards Joseph. Alex guards Irene. Tim guards,1,Oscar
Carol grows Juan. Scott grows Noah. Henry grows Kay. Jill grows Kirk. Steven grows Vanessa. Matt grows Michael. Mary grows Irene. Megan grows Ian. Carol grows,1,Juan
Alan buys Shawn. Julia buys Ken. Kevin buys Jean. Mark buys Wanda. Faith buys Ronald. Bob buys Olga. Lucy buys Kim. Thomas buys Nicole. Alan buys,1,Shawn
Grace feeds Shirley. Faith feeds Anthony. James feeds Robin. Andrew feeds Adrian. Rick feeds Stephanie. Lucy feeds Sally. Jill feeds Kay. Margaret feeds Lauren. Grace feeds,1,Shirley
Ruth trains Albert. Alice trains Angela. Amy trains Sharon. Jeff trains Adrian. Tony trains Kyle. Daniel trains Victor. Emma trains Joseph. Edward trains Vanessa. Ruth trains,1,Albert
Ben questions Russell. Ian questions Richard. Juan questions Marc. Margaret questions Vincent. Josh questions Louis. Tom questions Zach. Charles questions Ian. Rose questions Joy. Ben questions,1,Russell
Carl respects Stan. Donna respects Tyler. Dennis respects Nicole. Hannah respects Isabel. Juan respects Michael. Lily respects Amelia. Bob respects Joseph. Megan respects Michelle. Carl respects,1,Stan
Michael alerts Jenny. Kurt alerts Wayne. Lucy alerts Joy. David alerts Sean. Louis alerts Howard. Leo alerts Martha. Carol alerts Sandra. Megan alerts Kyle. Michael alerts,1,Jenny
Rose permits Ken. Adam permits Albert. Blake permits Rachel. Thomas permits Maggie. Ben permits Jenny. Mary permits Zach. Fred permits Tyler. Alan permits Stan. Rose permits,1,Ken
Aaron trains Jacob. Craig trains Amber. Jill trains Neil. Johnny trains Rebecca. Kevin trains Nathan. Edward trains Sandra. Thomas trains Judy. Leon trains Sue. Aaron trains,1,Jacob
Robert avoids Rebecca. Ruth avoids Sandra. Harry avoids Leah. Jason avoids Oscar. Lucy avoids Nathan. Helen avoids Teresa. Jerry avoids Kyle. Keith avoids Victoria. Robert avoids,1,Rebecca
Nick blocks Melanie. Louis blocks Aiden. Max blocks Nathan. George blocks Patrick. Ian blocks Lori. Lucy blocks Jenny. June blocks Victoria. Bob blocks Leo. Nick blocks,1,Melanie
Hope invites Victor. Kathy invites Marie. Alex invites Russell. Ellen invites William. Austin invites Sally. Dennis invites Aiden. Rad invites Liam. Frank invites Martha. Hope invites,1,Victor
Katie insists Kelly. Megan insists Michelle. Hannah insists Monica. Leo insists Andrea. Donna insists Leah. Lucy insists Amber. Keith insists Renee. Lauren insists June. Katie insists,1,Kelly
Lisa seeks Wayne. Marie seeks Marc. Lucy seeks Stephanie. Mark seeks Jenny. Joy seeks Sara. Greg seeks Peggy. Jill seeks Oscar. Grace seeks Andrea. Lisa seeks,1,Wayne
Tony captures Joy. Will captures Andrea. Marc captures Tracy. John captures Melissa. Alex captures Isaac. Anna captures Kay. Alan captures Monica. Dave captures Nicole. Tony captures,1,Joy
Kurt reminds April. Hope reminds Patrick. Linda reminds Oscar. Hannah reminds Margaret. Gary reminds Stephen. Kate reminds Nathan. Tom reminds Joseph. Liz reminds Amber. Kurt reminds,1,April
David sends Tracy. Tim sends Violet. Ruth sends Jacob. Alice sends Marie. Howard sends Maggie. Edward sends Sheila. Paul sends Anthony. Juan sends Sandra. David sends,1,Tracy
Alex parks Leon. Ben parks Todd. Kyle parks Irene. Anna parks Louis. Steve parks Ashley. Alice parks Ralph. Mike parks Philip. Jordan parks Isaac. Alex parks,1,Leon
Helen shares Teresa. Scott shares Ruby. Jenny shares Jenny. Justin shares Irene. Ken shares Stephanie. Leon shares Violet. Marc shares Louis. Laura shares Rob. Helen shares,1,Teresa
Kyle stops Nancy. Gary stops June. David stops Kara. Henry stops April. Alex stops Ian. Greg stops Roy. Nick stops Lydia. Dennis stops Ronald. Kyle stops,1,Nancy
Jenny trains Alicia. Diana trains Sharon. Kelly trains Maggie. Martin trains Roy. Jeff trains Rita. Leo trains Roger. Henry trains Ronald. Jean trains Sandra. Diana trains,2,Sharon
Bill writes Joan. Lucy writes Stephanie. George writes Zach. Anna writes Rachel. Brian writes Leo. Leon writes Lauren. Ian writes Howard. Jill writes Olga. Lucy writes,2,Stephanie
Hope faces Tracy. Liz faces Stephanie. Sam faces Lauren. Adam faces Liz. Andrew faces Rachel. Ryan faces Louis. Faith faces Justin. Robert faces Sheila. Liz faces,2,Stephanie
Claire buys Rita. Megan buys Sandra. Maria buys Ronald. Ryan buys Pamela. Ken buys Roger. Andrew buys Sheila. Bill buys Jacob. Charles buys Victor. Megan buys,2,Sandra
Jack likes Kathy. Liz likes Ted. James likes Juan. David likes Lori. Sam likes Stephen. Blake likes Sara. Lily likes Isabel. John likes Tyler. Liz likes,2,Ted
Jake permits Maggie. Kathy permits Ted. Jason permits Kirk. Jeff permits Johnny. Emma permits Justin. Jordan permits Angela. Margaret permits Andrea. James permits Peggy. Kathy permits,2,Ted
John protects Martha. Hannah protects Sara. Dean protects Louis. Bill protects Phil. Blake protects Lauren. Carol protects Ray. Thomas protects Shawn. Greg protects Sandra. Hannah protects,2,Sara
Kevin rewards Sue. Rick rewards Peggy. Hope rewards Renee. Jacob rewards Stephen. Ryan rewards Paula. Thomas rewards Marc. Grace rewards Kay. Jean rewards Nancy. Rick rewards,2,Peggy
Kate adopts Patrick. Faith adopts Todd. Maria adopts Joan. Jenny adopts Kirk. Tony adopts Vanessa. Anne adopts Neil. Aaron adopts Alicia. Mary adopts Wanda. Faith adopts,2,Todd
Thomas allows Teresa. Louis allows Shawn. Margaret allows William. Ellen allows Victor. Megan allows Valerie. Blake allows Jordan. Pat allows Leah. Karen allows Margaret. Louis allows,2,Shawn
Alex finds Adrian. Kate finds Natalie. Eric finds Paula. Margaret finds Wayne. Robert finds Sharon. Liz finds Justin. Matt finds Louis. Lucy finds Michelle. Kate finds,2,Natalie
Tim grows Kim. Jean grows Justin. Ken grows Neil. Anna grows Kay. Michael grows Alicia. Austin grows Oscar. David grows Russell. Claire grows Ted. Jean grows,2,Justin
Joe fixes Nicole. Hope fixes Stephanie. Joy fixes Ashley. Diana fixes Lydia. Lucy fixes Logan. Maggie fixes Liz. Ryan fixes Shirley. Adam fixes Vanessa. Hope fixes,2,Stephanie
Diana supports Martha. Howard supports Jerry. Sarah supports Marc. Ruth supports Patrick. Luke supports Michelle. Ryan supports Roy. Craig supports Lauren. Donna supports Adrian. Howard supports,2,Jerry
Nick cleans Irene. Jill cleans Vincent. Ruth cleans Louis. Blake cleans Kirk. Daniel cleans Isabel. Marc cleans Zach. Karen cleans Anthony. Faith cleans Andrea. Jill cleans,2,Vincent
Martin needs Kelly. Anne needs Melanie. Liz needs Albert. Thomas needs Amelia. Lisa needs Sean. Mark needs Ralph. June needs Marie. Kurt needs Juan. Anne needs,2,Melanie
Dean advises Monica. Gary advises Tracy. Scott advises Margaret. Jacob advises Philip. Alex advises Wanda. Susan advises Ronald. Bob advises Kara. Michael advises Rob. Gary advises,2,Tracy
Ruth finds Vincent. Michael finds Melanie. Faith finds Terry. James finds Leo. Lucy finds Wanda. Helen finds Rita. Dave finds Juan. Jacob finds Tracy. Michael finds,2,Melanie
Sam prohibits Alexa. Aaron prohibits Amelia. Henry prohibits Logan. Blake prohibits Maggie. Susan prohibits Ruby. James prohibits Janet. Thomas prohibits Valerie. Leon prohibits Kirk. Aaron prohibits,2,Amelia
Ken prohibits Walter. Ellen prohibits Kelly. Megan prohibits Joy. Sam prohibits Rachel. Craig prohibits Nicholas. Dean prohibits Patrick. Susan prohibits Sue. Bill prohibits Stephen. Ellen prohibits,2,Kelly
Keith invites June. Mary invites Alison. Tom invites Patrick. Juan invites Ray. Henry invites Sharon. Lucy invites Sally. Emma invites Jordan. Kathy invites Melanie. Mary invites,2,Alison
Lauren brings Justin. Dean brings Leon. Kyle brings Sean. Alex brings Jill. Dennis brings Rebecca. Jake brings Violet. Leon brings Rachel. Henry brings Juan. Dean brings,2,Leon
Scott demands Lauren. Grace demands Patrick. Melissa demands Stephanie. Eric demands Alicia. Maggie demands Kathy. Ken demands Kelly. Alice demands Margaret. Rad demands Terry. Grace demands,2,Patrick
Laura burns Stephanie. Amy burns Vincent. Luke burns Monica. Justin burns Renee. Alan burns Rachel. Leo burns Valerie. Sarah burns Peggy. Charles burns Marie. Amy burns,2,Vincent
Hannah feels Michelle. Ben feels Lydia. Emma feels Ian. Anne feels Valerie. James feels Nicole. Julia feels Sue. Katie feels Logan. Alice feels Sean. Ben feels,2,Lydia
Jeff fights Jacob. Leo fights Olga. Josh fights Liz. Anne fights Noah. Jake fights Alexa. Mark fights Albert. Helen fights Sean. Martin fights Rebecca. Leo fights,2,Olga
Carol approaches June. Emma approaches William. Linda approaches Shirley. Tim approaches Sally. Jane approaches Nathan. Kevin approaches Kyle. Dennis approaches Sheila. Martin approaches Ashley. Emma approaches,2,William
Arthur makes Lori. Mark makes Jacob. Dennis makes Nicole. Rick makes William. Lucy makes Juan. Matt makes Richard. Luke makes Sean. Emma makes Isabel. Mark makes,2,Jacob
Maggie risks Adrian. Jacob risks Kay. Jeff risks Leah. Sarah risks Jerry. Josh risks Travis. Robert risks Tyler. Arthur risks Anthony. Juan risks Kyle. Jacob risks,2,Kay
George shares Irene. Julia shares Sally. Joseph shares Paula. Josh shares Sharon. Jason shares Albert. Ben shares Julian. Peter shares Patrick. Sarah shares Rob. Julia shares,2,Sally
Diana proposes Sean. June proposes Lauren. Rick proposes Amber. Maria proposes Paula. Julia proposes Jean. Max proposes Teresa. Margaret proposes Joseph. Andrew proposes Philip. June proposes,2,Lauren
Maria texts Norman. Adam texts Kim. Katie texts Janet. Alice texts Ruby. Lucy texts Lauren. Luke texts Leo. Leo texts Sheila. Hannah texts Valerie. Adam texts,2,Kim
Austin chooses Ted. Hope chooses Sally. Henry chooses Leah. Harry chooses Kara. Jason chooses Johnny. Charles chooses Ken. Kyle chooses Troy. Scott chooses Adrian. Hope chooses,2,Sally
David permits June. Charles permits Maggie. Jason permits Judy. Rose permits Julian. Emily permits Ian. Jake permits Shirley. Austin permits Sheila. Kurt permits Andrea. Charles permits,2,Maggie
Bob needs Nancy. Scott needs Andrea. Jerry needs William. Edward needs Lori. Donna needs Isabel. Jane needs Joan. Anna needs Stephanie. Dave needs Nathan. Scott needs,2,Andrea
Hannah asks Sandra. John asks Sheila. Michael asks Adrian. Maria asks Roger. Tom asks Nathan. Arthur asks Nancy. Alan asks Norman. Joy asks Joy. John asks,2,Sheila
Megan saves Teresa. Steven saves Janet. Tim saves Liam. Howard saves Angela. Greg saves Ashley. Anne saves Sylvia. David saves Stan. Jake saves Michael. Steven saves,2,Janet
Andrew hugs Irene. Amy hugs Liam. Rick hugs Sheila. Johnny hugs Ralph. Marie hugs Sharon. Justin hugs Robin. Tom hugs Russell. Joe hugs Kurt. Amy hugs,2,Liam
Chris drives Stephen. Claire drives Kay. Will drives Joy. Scott drives Monica. Louis drives Jerry. Aaron drives Amelia. Kim drives Sheila. Anne drives Margaret. Claire drives,2,Kay
Lauren buys Martha. Jordan buys Vincent. Maria buys Leon. Bill buys Phil. Jack buys Maggie. Margaret buys Adrian. Helen buys Russell. Diana buys Anthony. Jordan buys,2,Vincent
Peter affects Jerry. Adam affects Ian. Claire affects Julian. Luke affects Shirley. Frank affects Juan. Kim affects Nicholas. Rad affects Walter. Jason affects Rita. Adam affects,2,Ian
Tim visits Wayne. Steve visits Liz. Claire visits Stan. Howard visits Sandra. Lauren visits Terry. Lisa visits Kim. Anne visits Irene. Joy visits Lydia. Steve visits,2,Liz
Alan attacks Logan. Ellen attacks Ian. Emma attacks Justin. Ruth attacks Sean. Daniel attacks April. Hannah attacks Pam. Peter attacks Sandra. Katie attacks Wanda. Ellen attacks,2,Ian
Sarah assists Peggy. Mary assists Adrian. Nick assists Amber. Austin assists Kim. Rad assists Stephen. Thomas assists Travis. Alex assists Walter. Leon assists Marc. Mary assists,2,Adrian
Rad avoids Kay. Joseph avoids Irene. Marie avoids Kirk. Mark avoids Norman. Ben avoids Stan. Faith avoids Jordan. Liz avoids Noah. Maria avoids Jenny. Joseph avoids,2,Irene
Joy likes Kara. Kate likes Travis. Jeff likes Stephen. Adam likes Vincent. Faith likes Nathan. Maria likes Neil. Henry likes Kathy. Luke likes Lauren. Kate likes,2,Travis
Grace denies Tyler. Rose denies Kurt. Greg denies Jacob. Alex denies Monica. Ruth denies Albert. Marc denies Sean. Edward denies Maggie. Melissa denies Adrian. Rose denies,2,Kurt
Mike questions Ken. Marie questions Valerie. Austin questions Kim. Michael questions Rita. Claire questions Vanessa. Greg questions Neil. Matt questions Troy. Kelly questions Russell. Marie questions,2,Valerie
Amy comforts Stephanie. Jill comforts Tracy. George comforts Liam. Liz comforts Monica. Karen comforts June. Jason comforts William. Leo comforts Norman. Mary comforts Renee. Jill comforts,2,Tracy
Marie proposes Tracy. Kelly proposes Sandra. Aaron proposes Jacob. Alice proposes Monica. Laura proposes William. Emma proposes Vincent. Dennis proposes Isaac. Carol proposes Sally. Kelly proposes,2,Sandra
Adam fights Joan. Jordan fights Ronald. Matt fights Pamela. Jerry fights Kathy. Henry fights William. Max fights Noah. Hannah fights Kara. Linda fights Rachel. Matt fights,3,Pamela
Claire draws April. Dennis draws Michelle. Daniel draws Kara. Leo draws Kathy. Joy draws Anthony. Jeff draws Victoria. George draws Sheila. Jean draws Travis. Daniel draws,3,Kara
Aaron leads Janet. Justin leads Victoria. Jacob leads Kara. Greg leads Alexa. Pat leads Ian. Thomas leads Lauren. Rad leads Sean. James leads Stephen. Jacob leads,3,Kara
Emma adopts Todd. Margaret adopts Sheila. Tony adopts Sue. Jeff adopts Russell. Juan adopts Neil. Austin adopts Monica. Craig adopts Liz. Kathy adopts Margaret. Tony adopts,3,Sue
Mary answers Shirley. Dave answers Sylvia. Maria answers Jenny. Liz answers Jean. Faith answers Liz. Max answers Maggie. Kay answers Sharon. Hannah answers Anthony. Maria answers,3,Jenny
Charles holds Maggie. Max holds Wayne. Hope holds Lydia. Dean holds Victoria. Will holds Sylvia. Anne holds Isaac. Luke holds Amelia. Austin holds Leah. Hope holds,3,Lydia
Lucy wakes Kurt. Jane wakes April. Adam wakes Vincent. Marie wakes Roy. Kate wakes Monica. Melissa wakes Oscar. Bob wakes Lori. Ryan wakes Kim. Adam wakes,3,Vincent
Andrew respects Sandra. Robert respects Victoria. Blake respects Louis. Maria respects Philip. Joy respects Aiden. Melissa respects Nathan. Ruth respects Leo. Kurt respects Richard. Blake respects,3,Louis
Ellen hires Shawn. Grace hires Sharon. Frank hires Renee. Jacob hires Louis. Kelly hires Anthony. Steve hires Johnny. Mark hires Liam. George hires Zach. Frank hires,3,Renee
Craig misses Nicholas. Bob misses Liam. Aaron misses Anthony. Tom misses Janet. Charles misses Alicia. John misses Neil. Lisa misses Ralph. Dean misses Isabel. Aaron misses,3,Anthony
Jason stays Kyle. Jacob stays Kelly. Donna stays Todd. Hannah stays Alexa. Aaron stays Leon. Kurt stays Leah. Mike stays Keith. Hope stays Liz. Donna stays,3,Todd
Jean bothers Jill. Mike bothers Victor. Max bothers Louis. Ruth bothers Teresa. John bothers Pam. Kate bothers Lori. Dennis bothers Zach. Emma bothers Pamela. Max bothers,3,Louis
Liz comforts Irene. Fred comforts Tyler. Nick comforts Jenny. Joseph comforts Olga. Diana comforts Nicholas. Maria comforts Shawn. Greg comforts Joseph. Martin comforts Zach. Nick comforts,3,Jenny
Kevin draws Margaret. Claire draws Sylvia. Greg draws Walter. Carol draws Andrea. Laura draws Sally. Emily draws Louis. Jerry draws Stephen. Brian draws Todd. Greg draws,3,Walter
Dennis bothers Liam. Kevin bothers Sylvia. Carol bothers Isaac. Frank bothers Tracy. Fred bothers Kurt. Jake bothers Jordan. Mary bothers Wayne. Lucy bothers Isabel. Carol bothers,3,Isaac
Tim supports Howard. George supports Jill. Karen supports Logan. Alex supports Ashley. Louis supports Kurt. Blake supports Walter. Aaron supports Ralph. Liz supports Joan. Karen supports,3,Logan
Steven wakes Justin. Michael wakes Albert. Dennis wakes Alexa. Jeff wakes Howard. Brian wakes Sue. Kurt wakes Sylvia. Mary wakes Sheila. Jean wakes Tyler. Dennis wakes,3,Alexa
Max welcomes Lydia. Laura welcomes William. Kay welcomes Sue. Alice welcomes Shirley. Jordan welcomes Paula. Kate welcomes Rob. Keith welcomes Violet. Jean welcomes Marc. Kay welcomes,3,Sue
George leads Sue. Ellen leads Margaret. Will leads Vanessa. Diana leads Zach. Charles leads Neil. Keith leads Phil. Daniel leads Nicole. Ryan leads Norman. Will leads,3,Vanessa
Kathy grabs Terry. Justin grabs Juan. Ben grabs Howard. Kay grabs Sue. Alex grabs Rebecca. Henry grabs Ron. Rick grabs Ralph. Lauren grabs Lauren. Ben grabs,3,Howard
Laura praises Kay. Greg praises June. Paul praises Amber. Emma praises Philip. John praises Roy. Jenny praises Amelia. Marie praises Olga. Frank praises Ronald. Paul praises,3,Amber
Leon alerts Ray. Martin alerts Lydia. Jean alerts Victor. Frank alerts Martin. Luke alerts Roger. Adam alerts Ron. Jake alerts Ken. Sarah alerts Teresa. Jean alerts,3,Victor
Jean pays Jerry. Fred pays Russell. Hannah pays Walter. Ken pays Liz. Max pays Judy. Kate pays Tyler. Katie pays Victor. Emma pays Stan. Hannah pays,3,Walter
Jack buys Kelly. Nick buys Natalie. Tom buys Alexa. Helen buys Justin. Mary buys Tracy. Leo buys Sean. Maria buys Adrian. Arthur buys Pamela. Tom buys,3,Alexa
Matt leaves Pam. Ellen leaves Amber. Ruth leaves Patrick. Kay leaves Michael. Fred leaves Joan. Alice leaves Stephen. Mike leaves Ted. Jake leaves Stephanie. Ruth leaves,3,Patrick
Dennis drives Michelle. Mark drives Richard. Bob drives Angela. Greg drives Marie. Louis drives Vincent. George drives Jerry. Aaron drives Wanda. Leo drives Johnny. Bob drives,3,Angela
Jordan calls Michelle. Lauren calls Louis. Daniel calls Logan. Eric calls Nicholas. Amy calls Melissa. Luke calls Kara. Kevin calls Tyler. Marie calls Wanda. Daniel calls,3,Logan
Bill urges Wanda. Thomas urges Renee. Jason urges Ronald. Rick urges Melanie. Jenny urges Isaac. Austin urges Leon. Katie urges Teresa. Jane urges Andrea. Jason urges,3,Ronald
Maria joins Vanessa. Rose joins Troy. Margaret joins Adrian. Steven joins Martha. Rad joins Kay. Eric joins Jill. Justin joins Ronald. Grace joins Jordan. Margaret joins,3,Adrian
Harry challenges Sheila. Kate challenges Leon. Lauren challenges Kathy. Faith challenges Jerry. Melissa challenges Melissa. Lucy challenges Juan. Will challenges Leah. Greg challenges Violet. Lauren challenges,3,Kathy
Ben approves Martha. Carol approves Ronald. Emma approves Terry. Jane approves Kim. Kay approves Neil. Louis approves Isaac. Robert approves Renee. Keith approves Janet. Emma approves,3,Terry
Joy prohibits Melissa. Greg prohibits Jill. Kathy prohibits Pamela. Mary prohibits Roy. Kelly prohibits Liz. Edward prohibits Julian. Steve prohibits Rebecca. Frank prohibits Roger. Kathy prohibits,3,Pamela
Kathy praises June. Marc praises Neil. Laura praises Ted. Jenny praises Violet. Mark praises Jacob. Rick praises Johnny. Adam praises Sharon. Leo praises Nancy. Laura praises,3,Ted
Alex approves Alexa. Tom approves Joan. Marie approves Violet. Thomas approves Kara. Keith approves Nicholas. Dennis approves Rachel. Adam approves Sheila. Brian approves Louis. Marie approves,3,Violet
Anne chooses Anthony. Kate chooses Maggie. Martin chooses Kirk. Jane chooses Victoria. Alan chooses Kim. Jenny chooses Martha. Daniel chooses Kay. Grace chooses Sue. Martin chooses,3,Kirk
Kyle sees Kurt. Blake sees Teresa. Ken sees Roy. Hannah sees Albert. Bob sees Stephen. Mike sees Howard. Megan sees Nicole. Marie sees Kay. Ken sees,3,Roy
Charles checks Nicole. Ryan checks Sally. Kevin checks Walter. Jason checks Stephanie. Keith checks Shawn. Thomas checks Kara. Linda checks Zach. Justin checks Liam. Kevin checks,3,Walter
Daniel reads Terry. Charles reads Stephanie. Aaron reads Natalie. Max reads Nicholas. Jack reads Rebecca. Linda reads Nancy. Mary reads Tyler. Katie reads Zach. Aaron reads,3,Natalie
Kevin lifts Michelle. Liz lifts Peggy. Pat lifts Noah. Leon lifts Martha. Craig lifts Aiden. Joe lifts Alicia. Eric lifts Marc. John lifts Valerie. Pat lifts,3,Noah
Craig reads Natalie. Grace reads Roger. June reads Ted. Johnny reads Kelly. Ruth reads Ken. Dave reads Margaret. Lauren reads Jenny. Tony reads Judy. June reads,3,Ted
Peter guards Robin. Rick guards Kirk. Gary guards Aiden. Maria guards Jacob. Joseph guards Wanda. Henry guards Logan. Leon guards Kathy. Dennis guards Ralph. Gary guards,3,Aiden
Tony accompanies Sylvia. Kim accompanies Jean. Lisa accompanies Margaret. George accompanies Ken. Charles accompanies Alison. Mark accompanies Ronald. Gary accompanies Kim. Joseph accompanies Martha. Lisa accompanies,3,Margaret
Jeff attacks Leon. Dave attacks Irene. Henry attacks Kirk. Kay attacks Jean. Emily attacks Louis. Matt attacks Peggy. Jack attacks Kim. Johnny attacks Maggie. Henry attacks,3,Kirk
Kim challenges Louis. Kyle challenges Kathy. Kevin challenges Nathan. Joy challenges Neil. Louis challenges Phil. Bob challenges Tyler. Brian challenges Kyle. Harry challenges Ken. Kevin challenges,3,Nathan
Adam sends Monica. Ben sends Kurt. Frank sends Ruby. Jenny sends Paula. Andrew sends Marc. Daniel sends Shirley. George sends Isaac. Katie sends Norman. Frank sends,3,Ruby
Carol scores Amber. Rad scores Kelly. Tim scores Monica. Leo scores Ron. Dean scores Leo. Linda scores Kirk. Pat scores Richard. Arthur scores Sylvia. Tim scores,3,Monica
Keith fights Victoria. Laura fights Lori. Kathy fights Shawn. Jacob fights Andrea. Jordan fights Alexa. Josh fights Vincent. Arthur fights Sharon. Hannah fights Sara. Kathy fights,3,Shawn
Faith supports Rob. Alice supports Ray. Bill supports Todd. Thomas supports Vincent. Jerry supports Monica. Ben supports Adrian. Jenny supports June. Helen supports Ian. Bill supports,3,Todd
Lucy praises Violet. Eric praises Monica. Edward praises Terry. Ellen praises Zach. Michael praises Vincent. Diana praises Liam. Carol praises Lydia. Joe praises Ian. Edward praises,3,Terry
Sarah advises Irene. Diana advises Kara. Kim advises Leo. Susan advises Rebecca. Daniel advises Natalie. Juan advises Liz. Michael advises Alison. Austin advises Lauren. Kim advises,3,Leo
Margaret guards April. Thomas guards Sue. Tim guards Roy. Aaron guards Leon. Jeff guards Russell. Robert guards Jordan. Amy guards Justin. Jerry guards Liz. Aaron guards,4,Leon
Nick consoles Nancy. Paul consoles Joseph. Kay consoles Leon. Lauren consoles Jacob. Arthur consoles Roger. David consoles Louis. Margaret consoles Victoria. Grace consoles Michelle. Lauren consoles,4,Jacob
Bob adopts Martin. Tim adopts Shirley. Craig adopts Kara. Daniel adopts Sean. Tony adopts Ted. Jordan adopts Rachel. Linda adopts Roy. James adopts Melanie. Daniel adopts,4,Sean
Brian holds Pamela. Johnny holds Michael. John holds Howard. Tim holds Ray. Jane holds Stephen. Anne holds Kelly. Faith holds Keith. Mike holds Ron. Tim holds,4,Ray
Julia moves Phil. Marc moves Leon. Ruth moves Stan. Howard moves Jill. Diana moves Ray. Eric moves Alexa. Thomas moves Roger. Leo moves Michelle. Howard moves,4,Jill
Hannah comforts Isaac. Tim comforts Kim. Charles comforts Nancy. Jane comforts Sylvia. Maggie comforts Rob. Pat comforts Alexa. Jack comforts Walter. Jenny comforts Tracy. Jane comforts,4,Sylvia
Kurt teaches Kyle. Tim teaches Ruby. Bob teaches Rachel. Michael teaches Kelly. Gary teaches Ron. Tony teaches Olga. Joe teaches Vincent. Will teaches Rita. Michael teaches,4,Kelly
Keith builds Judy. Lucy builds Michelle. Kate builds Howard. Carl builds Kathy. Ellen builds Ken. Ruth builds Victoria. Henry builds Marie. Susan builds Lydia. Carl builds,4,Kathy
Juan texts Joseph. Andrew texts Richard. Jenny texts Rob. Robert texts Stan. Bob texts Liam. Greg texts Ray. Melissa texts Nicole. Lily texts Amelia. Robert texts,4,Stan
Peter seeks Melissa. June seeks Norman. Karen seeks Todd. Jean seeks Isabel. Aaron seeks Troy. Adam seeks Victoria. Gary seeks Michael. Mary seeks Tyler. Jean seeks,4,Isabel
Lauren accompanies Robin. Leon accompanies Liam. Mike accompanies Troy. Blake accompanies Vanessa. Pat accompanies Stephen. Greg accompanies Alexa. Nick accompanies Olga. Megan accompanies Pam. Blake accompanies,4,Vanessa
Marc leaves Leo. Lauren leaves Vincent. Arthur leaves Nicole. Linda leaves Leon. Luke leaves Olga. Jerry leaves Kathy. Joseph leaves Amber. Kathy leaves Russell. Linda leaves,4,Leon
George explains Ken. Joseph explains Jenny. Edward explains Monica. Rad explains Rachel. Mike explains Liz. Louis explains Pam. Karen explains Marc. Leon explains Michelle. Rad explains,4,Rachel
Rose closes Sara. Kevin closes Isaac. Jack closes Rebecca. Anne closes Leah. Tom closes Kyle. Faith closes Melanie. Brian closes Stan. Robert closes Margaret. Anne closes,4,Leah
Julia brings Melanie. Ruth brings Judy. George brings Marc. Greg brings Jill. Steven brings Walter. Kim brings Janet. Leon brings Howard. Jean brings Ralph. Greg brings,4,Jill
Will brings Albert. Susan brings Stan. Tony brings Valerie. Hope brings Roger. Melissa brings Nancy. Juan brings Aiden. Brian brings Ted. Chris brings Phil. Hope brings,4,Roger
Kurt feeds Julian. Ken feeds Judy. Daniel feeds Richard. Sarah feeds Leo. Ryan feeds Joseph. Tom feeds Ronald. Jacob feeds Johnny. Will feeds Joan. Sarah feeds,4,Leo
Greg insists Oscar. Craig insists Nancy. David insists Nicholas. Joy insists Vincent. Chris insists Olga. Donna insists Rita. Emily insists Kirk. Diana insists Jordan. Joy insists,4,Vincent
Megan rewards Natalie. Laura rewards Jean. John rewards Neil. Fred rewards Jerry. Kathy rewards Sara. Pat rewards Zach. Robert rewards Sandra. Sarah rewards Kay. Fred rewards,4,Jerry
Mike hides Stephen. Jill hides Tracy. Hope hides Kay. Steve hides Isabel. Harry hides Norman. Carol hides Sean. Jordan hides Martha. Henry hides Kathy. Steve hides,4,Isabel
Karen drives Zach. Kathy drives Roger. Lisa drives Kara. Lauren drives Nicholas. Maggie drives Aiden. Grace drives William. Justin drives Philip. Alan drives Angela. Lauren drives,4,Nicholas
Leo avoids Travis. Frank avoids Wayne. Alan avoids Alexa. Julia avoids Leon. Eric avoids Walter. Joy avoids Kay. Jason avoids Alison. Maggie avoids Kirk. Julia avoids,4,Leon
Lily boosts Amelia. Leo boosts Kay. Jeff boosts Norman. Melissa boosts Patrick. Charles boosts Leah. Rad boosts Isabel. Mary boosts Ashley. Thomas boosts Melissa. Melissa boosts,4,Patrick
Alice fixes Olga. Kate fixes Jenny. Grace fixes Melanie. Andrew fixes Kara. Bob fixes Joseph. Fred fixes Norman. Martin fixes William. Carl fixes Pamela. Andrew fixes,4,Kara
Nick approaches Nancy. Harry approaches Michelle. Julia approaches Ian. Kay approaches Louis. Tom approaches Joy. Will approaches Kelly. Lauren approaches Kay. Robert approaches Rob. Kay approaches,4,Louis
Joe misses Amelia. James misses Walter. Justin misses Ron. Joseph misses Stephanie. Maria misses Isaac. Henry misses Philip. Daniel misses Sandra. June misses Sylvia. Joseph misses,4,Stephanie
Jane visits Janet. Laura visits Todd. Luke visits Kelly. Martin visits Jordan. Jack visits Walter. Mary visits Leah. Andrew visits Kurt. Alan visits Robin. Martin visits,4,Jordan
Howard trains Kyle. Kevin trains Joy. Melissa trains Justin. Dave trains Ian. Megan trains Janet. Jake trains Margaret. Greg trains Stephanie. Carl trains Leah. Dave trains,4,Ian
Ellen welcomes Victor. Thomas welcomes Wayne. Kathy welcomes Albert. Sarah welcomes Anthony. John welcomes Alexa. Bob welcomes Valerie. James welcomes Rebecca. Louis welcomes Amber. Sarah welcomes,4,Anthony
Daniel prohibits Lauren. Rose prohibits Philip. Mark prohibits Juan. Sam prohibits Noah. Tom prohibits Kirk. Melissa prohibits Todd. Sarah prohibits Nicole. Lauren prohibits Sharon. Sam prohibits,4,Noah
Brian writes Tracy. Daniel writes Michelle. Charles writes Troy. Adam writes Andrea. Marc writes Paula. Alice writes Teresa. Bill writes Juan. Carol writes Sharon. Adam writes,4,Andrea
Liz respects Wanda. Katie respects Jacob. Paul respects Shawn. Eric respects Rebecca. Jordan respects Ronald. Rose respects Alicia. James respects Sandra. Matt respects Louis. Eric respects,4,Rebecca
Luke attracts Nicole. Alex attracts Marc. Rad attracts Ray. Jill attracts Rita. Jean attracts Sue. Sarah attracts Robin. Joseph attracts Sylvia. Fred attracts Julian. Jill attracts,4,Rita
Lily builds Julian. Jenny builds Johnny. Jerry builds Kara. Louis builds Keith. Jacob builds Wanda. Keith builds Sheila. Dennis builds Amelia. James builds Richard. Louis builds,4,Keith
Anne cheers Terry. Lauren cheers Irene. Tony cheers Rita. Paul cheers Johnny. Sarah cheers Angela. Carol cheers Kathy. Louis cheers Judy. Katie cheers Lauren. Paul cheers,4,Johnny
Ben accepts Juan. Dave accepts Kara. Jill accepts Jerry. Kathy accepts Wayne. Blake accepts Howard. Bill accepts Sandra. Fred accepts Troy. Joseph accepts Kurt. Kathy accepts,4,Wayne
Dave trains Travis. Ruth trains Kay. Tim trains Troy. Gary trains Noah. Adam trains Jordan. Rick trains Oscar. Matt trains Shawn. Lily trains Peggy. Gary trains,4,Noah
Jake brings Kyle. Mark brings Patrick. Leo brings Louis. Jenny brings Logan. Paul brings Liam. Grace brings Tracy. Louis brings Nathan. Diana brings Leah. Jenny brings,4,Logan
Jean guides Leah. Tom guides Leo. John guides Renee. Thomas guides Pam. Leon guides Shirley. Steve guides Melanie. Scott guides Maggie. Sam guides Peggy. Thomas guides,4,Pam
Hannah prohibits Julian. Sarah prohibits Joseph. Laura prohibits Ruby. Helen prohibits Andrea. Claire prohibits Nathan. Kathy prohibits Tracy. Joy prohibits Ian. Keith prohibits Jacob. Helen prohibits,4,Andrea
Jenny shares Sandra. Dean shares Liz. Alex shares Ray. Marie shares Pam. Louis shares Ron. Tom shares Marie. Katie shares Leo. Steven shares Maggie. Marie shares,4,Pam
Kyle grabs Olga. Jake grabs Jordan. Faith grabs Rachel. Harry grabs Patrick. Joe grabs Shirley. Lucy grabs Roy. Alan grabs Philip. Alice grabs Lori. Harry grabs,4,Patrick
Jack saves Peggy. Helen saves Patrick. David saves Violet. Bob saves Stan. Mark saves Logan. Amy saves June. Jerry saves Pamela. Harry saves Pam. Bob saves,4,Stan
Maggie leaves Stephen. Alex leaves Melanie. Donna leaves Aiden. Faith leaves Sheila. Peter leaves Judy. Joe leaves Lydia. Craig leaves Kim. Pat leaves Wanda. Faith leaves,4,Sheila
Katie asks Jacob. Harry asks Roy. Anne asks Kurt. George asks Shawn. Will asks Sandra. Anna asks Michelle. Edward asks Lori. Aaron asks Kara. George asks,4,Shawn
Karen boosts Logan. Jenny boosts Norman. Margaret boosts Roy. Carol boosts Sandra. Matt boosts Shirley. Mark boosts Joy. Dean boosts Lydia. Frank boosts Kurt. Carol boosts,4,Sandra
Jane changes Walter. Joe changes Sharon. Sarah changes Maggie. Tom changes Ken. Lily changes Andrea. Pat changes Sara. Helen changes Rob. Mary changes Zach. Tom changes,4,Ken
Louis closes Troy. Maria closes Travis. Dave closes Liz. Helen closes Martha. Marc closes Marc. Jacob closes Tyler. Michael closes Johnny. Mary closes Renee. Helen closes,4,Martha
Julia saves Victor. George saves Albert. Lauren saves Nicole. Kim saves Zach. Alan saves Michelle. Ellen saves Leon. Amy saves Kirk. Lucy saves Michael. Kim saves,4,Zach
Melissa misses Amber. Hannah misses Kirk. Tim misses Stephen. Thomas misses Jenny. Faith misses Amelia. Diana misses Andrea. Tom misses Jerry. Julia misses Terry. Thomas misses,4,Jenny
Emily pays Ashley. Melissa pays Lydia. Maria pays Kim. Juan pays Phil. Kelly pays Alison. Dennis pays Marc. Kyle pays Jean. Lucy pays Wayne. Kelly pays,5,Alison
Edward advises Melissa. Chris advises Nicole. Leon advises Troy. Marie advises Howard. June advises Renee. Ian advises Logan. Ben advises Aiden. Lily advises Martha. June advises,5,Renee
Dennis tells Nicole. Johnny tells Stan. Carl tells Jenny. Blake tells Teresa. Kate tells Melanie. Marie tells Richard. Hannah tells Amber. Grace tells Troy. Kate tells,5,Melanie
Kate pays Lori. Emma pays Violet. Amy pays Maggie. Rose pays Sandra. Charles pays Joan. Hope pays Aiden. Lily pays Leah. Tom pays Julian. Charles pays,5,Joan
Charles urges Nathan. Joseph urges Martha. Ellen urges Rebecca. Steven urges Shirley. Howard urges Melissa. Lauren urges Martin. Jordan urges Ruby. Dean urges Logan. Howard urges,5,Melissa
Mary writes Stephanie. Karen writes Leah. Kurt writes Melanie. Carl writes Marie. Diana writes Keith. Steven writes Kathy. Henry writes April. Kevin writes Todd. Diana writes,5,Keith
Maria holds Janet. Keith holds Jenny. George holds Ruby. Kelly holds Walter. Sam holds Stephanie. Alex holds Monica. James holds Marie. Joy holds Angela. Sam holds,5,Stephanie
Greg explains Ralph. Paul explains Wanda. Daniel explains Lauren. Henry explains Noah. Emily explains Margaret. Dave explains Joy. Rad explains Julian. Edward explains Isabel. Emily explains,5,Margaret
Gary claims Peggy. Maggie claims June. Pat claims Vincent. Rad claims Nancy. Kim claims Sharon. Blake claims Tracy. Thomas claims Janet. Helen claims Shirley. Kim claims,5,Sharon
Tony heals Howard. Leo heals Nicole. Mark heals Kathy. Lisa heals Rob. Fred heals Victoria. Kyle heals Anthony. Martin heals Wayne. Eric heals Phil. Fred heals,5,Victoria
Lucy awards Sara. Eric awards Victor. Bill awards Michelle. Jason awards Joan. Susan awards Alison. Katie awards Vanessa. Harry awards Natalie. Aaron awards Paula. Susan awards,5,Alison
Greg delivers Richard. Alex delivers Jill. Jacob delivers Tracy. Max delivers Lauren. Fred delivers Isabel. Louis delivers Russell. Julia delivers Noah. Maria delivers Lori. Fred delivers,5,Isabel
Kim thanks Noah. Jordan thanks Sean. Robert thanks Maggie. Thomas thanks Neil. Jerry thanks Rachel. Kevin thanks Ronald. Ian thanks Sue. Helen thanks Kara. Jerry thanks,5,Rachel
Jason catches Russell. Tim catches Zach. Hannah catches Valerie. Bob catches Noah. Aaron catches Isaac. Jake catches Liz. George catches Jerry. Donna catches Ralph. Aaron catches,5,Isaac
Alice parks Olga. Liz parks Tyler. Brian parks Kelly. Rose parks Joy. Craig parks Isaac. Amy parks Keith. Blake parks Violet. Mary parks Rob. Craig parks,5,Isaac
James texts June. Blake texts Juan. Karen texts Rita. Arthur texts Anthony. Pat texts Pam. Kelly texts Oscar. Juan texts Travis. Alice texts Wanda. Pat texts,5,Pam
Dave changes Amber. Gary changes Richard. Jason changes Stephen. Dennis changes Lauren. Lauren changes Sylvia. Laura changes Ralph. Kurt changes Nicole. Jacob changes Jacob. Lauren changes,5,Sylvia
Karen supports Lydia. Ellen supports Stephanie. Anna supports Tyler. June supports Sylvia. Juan supports Vanessa. Marie supports Nathan. Mike supports Olga. George supports Nicole. Juan supports,5,Vanessa
Tony challenges Shirley. Steven challenges Stephanie. Rad challenges Liz. Melissa challenges Patrick. Jake challenges Juan. Lily challenges Sean. Ruth challenges April. John challenges Kirk. Jake challenges,5,Juan
Mark accepts Kirk. Jordan accepts Marie. Joe accepts Janet. Mary accepts Keith. Josh accepts Ruby. Laura accepts Ronald. Sam accepts Patrick. Andrew accepts Stephen. Josh accepts,5,Ruby
Thomas wants Johnny. Steven wants April. Ellen wants Peggy. Ken wants Martin. Steve wants Jean. Megan wants Leon. Howard wants Nathan. Grace wants Sean. Steve wants,5,Jean
Jane assists Wanda. Thomas assists Richard. Kathy assists Victoria. Anne assists Roy. Justin assists Patrick. Tony assists Lori. Jean assists Rachel. Eric assists Stan. Justin assists,5,Patrick
Kelly inspires Rob. Lisa inspires Nicholas. Jason inspires Ronald. Faith inspires Amber. Sarah inspires Natalie. Steven inspires Rita. Amy inspires Jerry. Scott inspires Nathan. Sarah inspires,5,Natalie
Steve challenges Rob. Kate challenges Violet. Josh challenges Ronald. Sarah challenges Rita. Justin challenges Logan. Steven challenges Pamela. Jason challenges Victor. Anne challenges Judy. Justin challenges,5,Logan
Alice needs Walter. Mike needs Ted. George needs Roy. Charles needs Angela. Joe needs Zach. Gary needs Paula. Brian needs Kurt. Rose needs Renee. Joe needs,5,Zach
Johnny challenges Irene. Liz challenges Lauren. Ellen challenges Andrea. Anna challenges Michelle. Edward challenges Justin. Ian challenges Shirley. Bill challenges Jean. Laura challenges Kara. Edward challenges,5,Justin
Louis tells Margaret. Dennis tells Sean. Austin tells Travis. Daniel tells Walter. Kelly tells Valerie. Jacob tells Sylvia. Kim tells William. Andrew tells Olga. Kelly tells,5,Valerie
Thomas shares Leon. Jack shares Ken. David shares Julian. Leon shares Leah. Chris shares Louis. James shares Rita. Rick shares Wanda. Kyle shares Jerry. Chris shares,5,Louis
Ken writes Oscar. Linda writes Melissa. Matt writes Ted. Carl writes Johnny. Mary writes Marc. Justin writes Violet. Leon writes Ralph. Tom writes Victor. Mary writes,5,Marc
Louis allows Renee. Ellen allows Isabel. Joseph allows Martha. Ian allows Ronald. Anna allows Maggie. Michael allows Ashley. Kathy allows Zach. Diana allows Kirk. Anna allows,5,Maggie
Tim closes Vanessa. Helen closes Terry. Kathy closes Liz. Jacob closes Alexa. Anna closes Victoria. Katie closes Oscar. Kyle closes Johnny. Kate closes Joan. Anna closes,5,Victoria
Jerry visits Jill. Kurt visits Neil. Craig visits Angela. Julia visits Janet. Will visits Ronald. Lisa visits Leo. Lauren visits Jenny. Justin visits Joy. Will visits,5,Ronald
Daniel boosts Sally. Hannah boosts Isaac. Robert boosts Nancy. Emily boosts Aiden. Helen boosts Leah. Maria boosts Noah. Margaret boosts Liz. Ken boosts Irene. Helen boosts,5,Leah
Leon captures Todd. Steven captures Kara. Ruth captures Oscar. Laura captures Judy. Howard captures Rachel. Alex captures Joy. Keith captures Joseph. Ryan captures Sean. Howard captures,5,Rachel
Marc cares Phil. Greg cares Vincent. Nick cares Johnny. Leon cares Valerie. Julia cares Renee. Louis cares Kurt. Dave cares Rob. Claire cares Stephanie. Julia cares,5,Renee
Susan cooks Kelly. Kurt cooks Jean. Kathy cooks Albert. Diana cooks Ruby. Hannah cooks Rachel. Adam cooks Johnny. Jack cooks Lauren. Katie cooks June. Hannah cooks,5,Rachel
Daniel comforts Michelle. Will comforts Aiden. Andrew comforts Melissa. Frank comforts Nicole. Ian comforts Adrian. Charles comforts Ron. Jack comforts Alison. Susan comforts Sean. Ian comforts,5,Adrian
Pat wants Sandra. Jill wants Victoria. Hannah wants Valerie. Anne wants Kara. Dennis wants Stephanie. Laura wants Johnny. Rose wants Justin. Steve wants Michael. Dennis wants,5,Stephanie
Adam cleans Anthony. Fred cleans Valerie. Tom cleans Kathy. Hannah cleans Alexa. Brian cleans Pam. Ruth cleans Nicole. Ian cleans Margaret. Dennis cleans Oscar. Brian cleans,5,Pam
Rick assists Sean. Harry assists Patrick. Rad assists Jill. Susan assists Philip. Carol assists Lydia. Austin assists Maggie. Margaret assists Liz. Jeff assists Joseph. Carol assists,5,Lydia
Kay pays Justin. Maggie pays Russell. Johnny pays Jill. Karen pays Adrian. Brian pays Teresa. Laura pays Sharon. Luke pays Andrea. Amy pays Rob. Brian pays,5,Teresa
Ryan challenges Violet. Emily challenges Michael. Sarah challenges Vincent. Leon challenges Nathan. Kim challenges Victoria. Edward challenges Richard. Adam challenges Walter. Michael challenges Isabel. Kim challenges,5,Victoria
Diana cooks Amelia. Megan cooks Ian. Ian cooks Anthony. Kelly cooks Russell. Lauren cooks Adrian. Karen cooks Travis. Gary cooks Alexa. Maria cooks Sue. Lauren cooks,5,Adrian
Johnny awards Jill. Jill awards Liz. Henry awards Monica. Kyle awards Lauren. Steve awards Ken. Jenny awards Ralph. George awards Liam. Gary awards Troy. Steve awards,5,Ken
Ruth urges Lydia. Austin urges Noah. Anna urges Melissa. Rad urges Ray. Alan urges Angela. Mark urges Richard. Joe urges Liam. Jacob urges Kirk. Alan urges,5,Angela
Chris shares Sheila. Melissa shares Jacob. Edward shares Valerie. Maria shares Nicholas. Lily shares Lauren. Kyle shares Victor. Kay shares Jordan. Matt shares Adrian. Lily shares,5,Lauren
Jeff warns Sean. Kyle warns Natalie. Jake warns Nicole. Jordan warns Russell. Harry warns Ashley. Justin warns Kim. Jack warns Pamela. Ruth warns Wanda. Harry warns,5,Ashley
Emma judges Pamela. Jake judges Liz. Lucy judges Shirley. Leon judges Liam. Edward judges Melanie. Joy judges Maggie. Rick judges Todd. Max judges Nicholas. Edward judges,5,Melanie
Kelly adopts Renee. Kurt adopts Liz. Jean adopts Kathy. Justin adopts Juan. Susan adopts Aiden. George adopts Martha. Ryan adopts Shawn. Nick adopts Kay. Susan adopts,5,Aiden
Rad follows Leon. Will follows Leo. Gary follows Sean. Edward follows Jill. Fred follows Rebecca. Hope follows Kay. Max follows Judy. Kelly follows Kurt. Fred follows,5,Rebecca
Jeff fights Stephanie. Thomas fights Jill. Julia fights Richard. Karen fights Maggie. Carol fights Tracy. Marc fights Martha. Eric fights Jean. Kate fights Albert. Marc fights,6,Martha
Keith challenges Andrea. Karen challenges Jerry. Megan challenges Alison. June challenges Victor. Grace challenges Vincent. Martin challenges Isabel. Diana challenges Nicole. Jean challenges Patrick. Martin challenges,6,Isabel
Susan helps Justin. Jordan helps Leon. Emma helps Andrea. Rick helps Ronald. Joe helps Martha. Carol helps Wanda. Luke helps Alexa. Anne helps Adrian. Carol helps,6,Wanda
Tim alerts Kelly. Faith alerts Pam. Grace alerts Teresa. Lily alerts Ronald. Kurt alerts Wanda. Mark alerts Pamela. Max alerts Alison. Steven alerts Stephanie. Mark alerts,6,Pamela
Leo boosts Monica. Kyle boosts Wanda. Henry boosts Sean. Justin boosts Joan. Louis boosts Zach. Amy boosts Stan. Tom boosts Natalie. Melissa boosts Aiden. Amy boosts,6,Stan
Anne attacks Liam. Charles attacks Sally. Howard attacks Zach. Rose attacks Sandra. June attacks Ashley. Tony attacks Jill. Emma attacks Nathan. Arthur attacks Wanda. Tony attacks,6,Jill
Paul challenges Richard. John challenges Olga. Eric challenges Aiden. Helen challenges Travis. Alice challenges Nicole. Susan challenges Noah. Mark challenges Sean. Michael challenges Ian. Susan challenges,6,Noah
Michael treats Michelle. Anne treats Kay. Fred treats Ian. Jeff treats Margaret. Sarah treats Martha. Lily treats Lydia. Maggie treats Nicholas. Jordan treats Lori. Lily treats,6,Lydia
Margaret demands Martha. Aaron demands Albert. Dave demands Adrian. Juan demands Ron. Helen demands Amber. Edward demands Ralph. Diana demands Robin. Maria demands Maggie. Edward demands,6,Ralph
Emma bothers Alison. Ryan bothers Pamela. Austin bothers Terry. Lily bothers Violet. Anne bothers Roger. Alan bothers Philip. Will bothers Michelle. Tony bothers Peggy. Alan bothers,6,Philip
Thomas comforts Norman. Kurt comforts Kurt. Joy comforts Angela. Carol comforts Ken. Diana comforts April. Jerry comforts Louis. Arthur comforts Oscar. Laura comforts Ian. Jerry comforts,6,Louis
June meets Shawn. Joseph meets Travis. Ben meets Oscar. Edward meets Marie. Steve meets Melissa. Kurt meets Joseph. Harry meets Amber. Ryan meets Sheila. Kurt meets,6,Joseph
Michael knows Margaret. Joseph knows Jill. Thomas knows Valerie. Steve knows Lydia. Ken knows Andrea. Sarah knows Olga. Dennis knows Sue. Ryan knows Vanessa. Sarah knows,6,Olga
Greg scores Ray. Jerry scores Jacob. Matt scores Nancy. Bill scores Shawn. Dave scores Amber. Edward scores Marc. Aaron scores Troy. Keith scores Teresa. Edward scores,6,Marc
Emma backs Tracy. Bob backs Lydia. Rose backs Leon. Juan backs Nathan. Marie backs Kelly. Karen backs Victor. Laura backs Melissa. Johnny backs Nicholas. Karen backs,6,Victor
John demands Janet. Maggie demands Rebecca. Jean demands Phil. Carol demands Liz. Ryan demands Jacob. Faith demands Kara. Tom demands Violet. Jenny demands Russell. Faith demands,6,Kara
Bill seeks Nathan. Carl seeks Roger. Jane seeks Rob. Kevin seeks Teresa. Scott seeks Howard. Henry seeks Marc. Marie seeks Philip. Mary seeks April. Henry seeks,6,Marc
Kurt fights Johnny. Anne fights Sean. Louis fights Lydia. Aaron fights Joy. Charles fights Jerry. Bob fights Ian. John fights Marie. Claire fights Norman. Bob fights,6,Ian
Charles approves Marie. Brian approves Travis. Lily approves Martha. Rad approves Andrea. Joe approves Rita. Arthur approves Russell. John approves Victor. Josh approves Julian. Arthur approves,6,Russell
Jean permits Rob. Ellen permits Walter. Tom permits Roger. Jordan permits Keith. Melissa permits Lauren. Emma permits Ted. Liz permits Roy. Keith permits Valerie. Emma permits,6,Ted
Carl catches Sally. Steve catches Sean. Marc catches Ray. Joseph catches Leon. Justin catches Pamela. Edward catches Lori. Johnny catches Sharon. Kathy catches Amber. Edward catches,6,Lori
Rick delivers Oscar. Maria delivers April. June delivers Stan. Rad delivers Janet. Lauren delivers Ray. Hannah delivers Peggy. Matt delivers Natalie. Robert delivers Troy. Hannah delivers,6,Peggy
Alan awards Stephen. Pat awards Kyle. Henry awards Johnny. Jack awards Nancy. Hope awards Renee. John awards Sharon. George awards Joseph. Donna awards Roger. John awards,6,Sharon
Edward shows Neil. Mark shows Stan. Ryan shows Monica. Alex shows Sara. Arthur shows Pam. Peter shows Michael. Brian shows Justin. Thomas shows Albert. Peter shows,6,Michael
Steve shares Victor. Pat shares Philip. Jack shares Shawn. Laura shares Jordan. Chris shares Kirk. Charles shares Adrian. Austin shares Vanessa. Faith shares Michelle. Charles shares,6,Adrian
Ben closes Janet. June closes Lori. Martin closes Logan. Maggie closes Pam. Steven closes Sara. Susan closes Jill. Jack closes Tyler. Lucy closes Peggy. Susan closes,6,Jill
Fred stays Maggie. Maggie stays Stephanie. Bill stays Sheila. Ian stays Ron. Luke stays Violet. Jane stays Ted. Megan stays Keith. Claire stays Nicole. Jane stays,6,Ted
Steven claims Roger. Dean claims Vanessa. Thomas claims Michelle. Emma claims Sara. Martin claims Robin. Mary claims Teresa. Anna claims Wanda. Kevin claims Travis. Mary claims,6,Teresa
Matt bothers Travis. Susan bothers Wanda. Jacob bothers Leo. Helen bothers Alison. Katie bothers Marie. Steven bothers Russell. Jean bothers Victoria. Michael bothers Stephen. Steven bothers,6,Russell
Leo blocks William. Jason blocks Rebecca. Robert blocks Walter. Will blocks Aiden. Eric blocks Lori. Diana blocks Julian. Daniel blocks Melissa. Adam blocks Joan. Diana blocks,6,Julian
Bob wants Alexa. Chris wants Renee. Charles wants Olga. Ken wants Judy. Faith wants Monica. Susan wants Jerry. Kate wants Kelly. Maria wants Liz. Susan wants,6,Jerry
Marie blocks Valerie. Diana blocks Justin. Dave blocks Michael. Matt blocks Sara. George blocks Joan. Peter blocks Ashley. Julia blocks Anthony. Maria blocks Neil. Peter blocks,6,Ashley
Emily protects Oscar. Ian protects Juan. Emma protects Sally. Joe protects Jerry. Alice protects Wanda. Lucy protects Kelly. Scott protects Jordan. Hope protects June. Lucy protects,6,Kelly
Max faces Aiden. Leo faces Nathan. Blake faces Rita. Keith faces Adrian. Eric faces Liz. Jason faces Jerry. Carol faces Stephen. Mike faces Anthony. Jason faces,6,Jerry
Craig warns Violet. Ben warns Terry. Margaret warns Janet. Joy warns Joan. Dave warns Angela. Ryan warns Monica. Louis warns Nicholas. Leo warns Nathan. Ryan warns,6,Monica
Jane comforts Nancy. Emma comforts Irene. George comforts Pam. Julia comforts Joan. Tony comforts Natalie. Anne comforts Ian. Jerry comforts June. Diana comforts Michael. Anne comforts,6,Ian
Diana stays Ken. Jill stays Joan. Fred stays Stephen. Kelly stays Ian. Marie stays Albert. Jake stays Troy. John stays Amber. Carol stays Pamela. Jake stays,6,Troy
Adam likes Noah. Carol likes Jean. Anna likes Kara. Linda likes Johnny. Hannah likes William. Dennis likes Jacob. Marc likes Sylvia. Grace likes Rita. Dennis likes,6,Jacob
Bob assists Aiden. David assists Jill. Sam assists Ken. Leon assists Maggie. Juan assists Melissa. Jill assists Stan. Kyle assists Vanessa. Andrew assists Paula. Jill assists,6,Stan
Jenny fears Howard. Rose fears Nancy. Jill fears Marie. Megan fears Alison. Hannah fears Leon. Gary fears Nicholas. Emma fears Jerry. Robert fears Jill. Gary fears,6,Nicholas
Bob buys Joan. Tony buys Ronald. Robert buys Alison. Harry buys Peggy. Juan buys Liz. Adam buys Nicole. Kay buys Albert. Nick buys Angela. Adam buys,6,Nicole
Steven demands Jordan. Ruth demands Ralph. Jill demands Wanda. Mike demands Shawn. Joe demands Victor. Alan demands Irene. Karen demands Leo. Kim demands Rob. Alan demands,6,Irene
Hope accompanies Sean. Liz accompanies Kurt. Ruth accompanies June. Andrew accompanies Ralph. Kate accompanies Philip. Leon accompanies Justin. Kay accompanies Pam. Luke accompanies Vincent. Leon accompanies,6,Justin
Sarah heals Tracy. Kim heals Stephanie. Kelly heals Martin. Jane heals Angela. Maria heals Judy. Tim heals Pam. Jeff heals Ashley. Lily heals Isabel. Tim heals,6,Pam
Lauren prohibits Ian. Juan prohibits Stan. Mark prohibits Phil. Ian prohibits Rob. Katie prohibits Roy. Gary prohibits Ashley. Edward prohibits Logan. Rick prohibits Richard. Gary prohibits,6,Ashley
Grace praises Alison. Melissa praises Victor. Jill praises Melanie. Charles praises Louis. Blake praises Olga. Ruth praises Liam. Steven praises Rachel. Karen praises Stephen. Ruth praises,6,Liam
Ryan draws Valerie. Fred draws Stan. Diana draws Terry. Bob draws Pamela. Joe draws Sean. Lauren draws Philip. Matt draws Wanda. Kyle draws Sara. Lauren draws,6,Philip
Johnny brings Lori. Ben brings Kelly. Will brings Neil. Aaron brings Kurt. Brian brings Anthony. Jenny brings Paula. Dave brings Walter. Carl brings Todd. Jenny brings,6,Paula
Linda permits Keith. Lily permits Rita. Megan permits Leo. Kay permits Kyle. Kevin permits Monica. Justin permits Zach. Ellen permits Kathy. Michael permits Michelle. Justin permits,6,Zach
Kay wants Richard. Martin wants Tyler. Chris wants Nicholas. Kathy wants Joseph. Margaret wants Travis. Carol wants Pam. Jerry wants Sara. Alan wants Jean. Carol wants,6,Pam
Mary cleans Teresa. Hope cleans Troy. Lauren cleans Michelle. Tim cleans Wayne. Max cleans Philip. Matt cleans Leon. Jeff cleans Anthony. Ben cleans Sean. Jeff cleans,7,Anthony
Katie saves Sean. Joseph saves Leon. Kevin saves Patrick. Anne saves June. Mike saves Terry. Helen saves Nancy. Blake saves Joseph. Lisa saves Marie. Blake saves,7,Joseph
Bill takes Irene. Megan takes Roy. Henry takes Kim. Kyle takes Tracy. Blake takes Keith. Alice takes Ashley. Ian takes Marie. Ben takes Amelia. Ian takes,7,Marie
Anne shows Liam. Mike shows Nicole. Josh shows Monica. Steven shows Rita. Harry shows Pamela. Adam shows Wayne. Maria shows Justin. Michael shows Ian. Maria shows,7,Justin
Amy allows Ronald. Nick allows Philip. Eric allows Sheila. Anne allows Judy. Jerry allows Keith. Katie allows Melissa. Kathy allows Lori. Jill allows Irene. Kathy allows,7,Lori
Emily drives Ronald. Liz drives Leo. Paul drives Stephen. Jack drives Alexa. Jordan drives Martha. Michael drives Isabel. Aaron drives Liam. Leo drives Lydia. Aaron drives,7,Liam
Claire saves Angela. Lauren saves Sara. June saves Roy. Tony saves Russell. Laura saves Teresa. Bob saves Liz. Melissa saves Albert. Ben saves Walter. Melissa saves,7,Albert
Lucy shares Noah. Keith shares Travis. Marie shares Kara. Alan shares William. Robert shares Sylvia. Kevin shares Sharon. Leo shares Leo. Jean shares Philip. Leo shares,7,Leo
Emily cares Peggy. Carol cares Tyler. Brian cares Rebecca. Howard cares Rita. Anna cares Sue. Alan cares Janet. Charles cares Melissa. Karen cares Alexa. Charles cares,7,Melissa
Sarah catches Rebecca. Bob catches Teresa. Tom catches Ruby. Jeff catches Sylvia. Maggie catches Liz. George catches Shirley. Emma catches Liam. Alan catches Roger. Emma catches,7,Liam
June demands Victor. Will demands Alexa. Joy demands Sue. Adam demands Jenny. Craig demands Juan. Margaret demands Teresa. Charles demands Shirley. Justin demands Pam. Charles demands,7,Shirley
Robert explains Kirk. Julia explains Teresa. Lily explains Marc. Ruth explains Terry. Jerry explains Tyler. Greg explains Amber. Diana explains Ken. Luke explains Marie. Diana explains,7,Ken
Alice texts Rita. Jeff texts Jean. Steve texts Janet. Joy texts Zach. Kim texts William. Bob texts Margaret. Laura texts Leon. Arthur texts Sally. Laura texts,7,Leon
Kurt chooses Natalie. Luke chooses Pam. Nick chooses Judy. Michael chooses Walter. Susan chooses Nicole. Ian chooses Kim. Claire chooses Logan. Justin chooses Joy. Claire chooses,7,Logan
Mary avoids Melissa. Josh avoids Todd. Helen avoids Sue. Kate avoids Anthony. Harry avoids Travis. Michael avoids Howard. Ruth avoids Ashley. Megan avoids Lori. Ruth avoids,7,Ashley
Marie sees Rebecca. Will sees William. Ben sees Kyle. Grace sees Vincent. Jake sees Shirley. Greg sees Howard. Chris sees Pam. Kim sees Lauren. Chris sees,7,Pam
Ryan avoids Tyler. Keith avoids Violet. Juan avoids Janet. Jean avoids William. Laura avoids Shawn. Mark avoids Sylvia. Rad avoids Ronald. Lauren avoids Natalie. Rad avoids,7,Ronald
Emma guides Ray. Jack guides Kim. Anna guides Joan. Peter guides Renee. Bob guides Jacob. Martin guides Olga. Paul guides Leon. Will guides Wayne. Paul guides,7,Leon
Harry urges Kay. Sam urges Todd. Dennis urges Renee. Howard urges Stephanie. Ryan urges Justin. Karen urges Rob. Hannah urges Rachel. Paul urges Julian. Hannah urges,7,Rachel
Susan offers Richard. Faith offers Sue. Dennis offers Lori. Craig offers Nicholas. Lauren offers Michelle. Kay offers Rita. Kelly offers Valerie. Ruth offers Todd. Kelly offers,7,Valerie
Rick rewards Sean. David rewards Rachel. Howard rewards Alexa. Kyle rewards Nancy. Melissa rewards Rebecca. Fred rewards Renee. Susan rewards Shawn. Jeff rewards Wayne. Susan rewards,7,Shawn
Dave faces Troy. Maria faces Ron. Jane faces Vanessa. Kate faces Victoria. Jason faces Peggy. Blake faces Stephanie. Adam faces Lydia. Leon faces Isabel. Adam faces,7,Lydia
Frank judges Johnny. Jill judges Shirley. Pat judges Shawn. Mary judges Kurt. Will judges Ralph. Chris judges Leo. George judges Kara. Martin judges Sean. George judges,7,Kara
Alice stops Nicholas. Tony stops Isabel. Susan stops Noah. Tom stops Kyle. Amy stops Rita. Emily stops Travis. Faith stops Aiden. Thomas stops Louis. Faith stops,7,Aiden
Edward scores Travis. Austin scores Marie. Susan scores Angela. Hannah scores Stan. Donna scores Rebecca. Paul scores June. Lily scores Judy. Julia scores Rita. Lily scores,7,Judy
Grace assists Jill. Robert assists Alison. Brian assists Martin. Henry assists Amber. Marie assists Norman. Daniel assists Anthony. Kathy assists Melissa. Anne assists Kurt. Kathy assists,7,Melissa
John joins Liam. Jenny joins Rob. Lisa joins Julian. Steve joins Nathan. Jill joins Isabel. Donna joins Michelle. Michael joins Marc. June joins Alexa. Michael joins,7,Marc
Jill inspires Sheila. Emma inspires Leo. John inspires Jean. Ryan inspires Irene. Linda inspires Albert. Lisa inspires Kelly. Jerry inspires Oscar. Margaret inspires Jerry. Jerry inspires,7,Oscar
Melissa reads Tracy. Kevin reads Judy. James reads Martha. Adam reads Kay. Jake reads Liz. Aaron reads Roy. Claire reads Lauren. Faith reads Julian. Claire reads,7,Lauren
Will serves Logan. Kim serves Oscar. Bill serves Liam. Katie serves Renee. Faith serves Melanie. James serves Wayne. Scott serves Kathy. Tom serves William. Scott serves,7,Kathy
Josh sees Marc. Jack sees Walter. Sam sees Logan. Johnny sees Leo. Howard sees Kara. George sees Michelle. Dennis sees Albert. Juan sees Lori. Dennis sees,7,Albert
Ben guards Kim. Max guards Sheila. Luke guards Sharon. Anne guards Ron. George guards Martha. Craig guards Ian. Hannah guards Troy. Lauren guards Shirley. Hannah guards,7,Troy
Ryan prohibits Shawn. Sam prohibits Stephanie. Luke prohibits Julian. Martin prohibits Troy. Pat prohibits Lauren. Brian prohibits Howard. Helen prohibits Isaac. Emma prohibits Noah. Helen prohibits,7,Isaac
Kurt scores Robin. Alan scores Aiden. Steve scores Sally. Donna scores Marc. Leon scores Shawn. Emma scores Janet. June scores Logan. Scott scores Sheila. June scores,7,Logan
Karen boosts Leo. Dean boosts Rita. Kathy boosts Janet. Andrew boosts Ashley. Emma boosts Irene. Marie boosts Teresa. Jeff boosts Jerry. Ruth boosts Vincent. Jeff boosts,7,Jerry
Rose hears Sandra. Arthur hears Julian. Ian hears Vanessa. Diana hears Judy. Marie hears Ray. Sarah hears Melanie. Paul hears Valerie. Bill hears Ashley. Paul hears,7,Valerie
Leon guards Tracy. Maria guards Kara. Tom guards Irene. Will guards Amelia. Laura guards Howard. Dean guards Robin. Ellen guards Noah. Peter guards Alison. Ellen guards,7,Noah
Jordan approaches Sylvia. Frank approaches Joseph. Ben approaches Albert. Lauren approaches Maggie. Maria approaches Victoria. Marie approaches Leo. Kevin approaches Louis. Diana approaches Ralph. Kevin approaches,7,Louis
Faith feeds Sandra. Rose feeds Judy. Ellen feeds Kelly. Rick feeds William. Ian feeds Margaret. Fred feeds Andrea. Kim feeds Michelle. Tim feeds Monica. Kim feeds,7,Michelle
Charles checks Amelia. Helen checks Liam. Kevin checks June. Edward checks Andrea. Thomas checks Melissa. George checks Neil. Chris checks Margaret. Ellen checks Lydia. Chris checks,7,Margaret
Keith opens Nicole. Kate opens Ruby. Lucy opens Nicholas. Emma opens Melissa. Dean opens Judy. Katie opens Alicia. Mark opens Leo. Harry opens Wanda. Mark opens,7,Leo
Fred feels Nicholas. Marc feels Leo. Helen feels Russell. Daniel feels Philip. John feels Ray. Ian feels Alicia. Jack feels Tyler. Luke feels Marc. Jack feels,7,Tyler
Josh warns Leo. Luke warns Paula. Sarah warns Logan. Amy warns Roy. Justin warns Nathan. Jeff warns Phil. Blake warns Olga. Brian warns Pam. Blake warns,7,Olga
Kelly approaches Jacob. Anna approaches Aiden. Anne approaches Leo. Alan approaches Rebecca. Dave approaches Nicole. Robert approaches Lydia. Karen approaches Alexa. Henry approaches Jenny. Karen approaches,7,Alexa
Faith likes Stephen. Jerry likes William. Brian likes Albert. Dennis likes Kara. Thomas likes Sylvia. Alex likes Lydia. Mike likes Terry. Tony likes Rachel. Mike likes,7,Terry
Hope fights Logan. Jill fights Rob. Lucy fights Howard. Pat fights Richard. Carl fights Robin. Eric fights Jordan. Steven fights Ronald. Ryan fights Marie. Steven fights,7,Ronald
Daniel sees Leo. Leo sees Lauren. Blake sees Louis. Hannah sees Walter. Jacob sees Stephanie. Gary sees Kurt. Brian sees Robin. Aaron sees Ted. Brian sees,7,Robin
Ian checks Rachel. Jake checks Nathan. Scott checks Monica. Faith checks Justin. Mary checks Jerry. Frank checks Todd. Ben checks Leah. Martin checks Amber. Ben checks,7,Leah
Scott leads Nicholas. Emma leads Walter. Ben leads Janet. Greg leads Zach. Paul leads Jean. Aaron leads Victor. Lauren leads Irene. Maria leads Howard. Lauren leads,7,Irene
June inspires Rebecca. Maggie inspires Kay. Keith inspires Ralph. Will inspires Ruby. Megan inspires Isabel. Carol inspires Margaret. Mark inspires Roy. Kurt inspires Troy. Mark inspires,7,Roy
Johnny questions Ralph. Juan questions Phil. Louis questions Louis. Margaret questions April. Dave questions Tyler. Ellen questions Liam. Scott questions Monica. James questions Amelia. James questions,8,Amelia
Lucy approaches Wanda. Kay approaches Victor. Claire approaches Ted. Martin approaches Oscar. Max approaches Anthony. Thomas approaches Melissa. Kelly approaches Ken. Ben approaches Sharon. Ben approaches,8,Sharon
Will opens Angela. Ellen opens Rob. Joe opens Nathan. Jill opens Ken. Arthur opens Michelle. Harry opens Zach. Scott opens Joy. Sam opens Ray. Sam opens,8,Ray
Kyle welcomes Liz. Faith welcomes Kirk. Linda welcomes April. Jerry welcomes Sean. Mike welcomes Leon. Andrew welcomes Amelia. Rick welcomes Stephen. Grace welcomes Pamela. Grace welcomes,8,Pamela
Melissa comforts Adrian. Katie comforts Kathy. Maria comforts Anthony. Edward comforts Ian. George comforts June. Ellen comforts Sheila. Ruth comforts Angela. Hope comforts William. Hope comforts,8,William
Leon guides Kyle. Henry guides Olga. Pat guides Noah. Arthur guides Neil. Austin guides Sheila. Hannah guides Julian. Alice guides Irene. Helen guides Todd. Helen guides,8,Todd
Brian changes Janet. Karen changes Oscar. Liz changes Neil. Robert changes Richard. Faith changes Peggy. Marie changes Jacob. Josh changes Lauren. Laura changes Ian. Laura changes,8,Ian
Kate defeats Todd. Peter defeats Nicole. Margaret defeats Violet. Gary defeats Wanda. Dave defeats Sandra. Donna defeats Noah. Harry defeats Ray. Anna defeats Angela. Anna defeats,8,Angela
Faith hides Nancy. Laura hides Ron. Kim hides Olga. John hides Jean. Dave hides Peggy. Blake hides Tyler. Kelly hides Travis. Tim hides Justin. Tim hides,8,Justin
Jake heals Rebecca. Liz heals Justin. Leon heals Ted. Sam heals Kim. Jenny heals Neil. Anne heals Andrea. Austin heals Anthony. Jordan heals Angela. Jordan heals,8,Angela
Josh feeds Norman. Andrew feeds Jenny. Charles feeds Natalie. Alex feeds Patrick. Tony feeds Leon. Howard feeds Lori. Donna feeds Howard. Alice feeds Leah. Alice feeds,8,Leah
Arthur sees Todd. Leo sees Marie. Jean sees Jacob. Sarah sees Kim. Claire sees Anthony. Gary sees Ron. Ken sees Irene. Emily sees Rachel. Emily sees,8,Rachel
Jerry accompanies Judy. Will accompanies Leah. Luke accompanies Vanessa. Ryan accompanies Jerry. Joy accompanies Noah. Liz accompanies Patrick. Andrew accompanies William. Kelly accompanies Kim. Kelly accompanies,8,Kim
Paul grabs Alicia. Will grabs Sharon. Frank grabs Ronald. Melissa grabs Teresa. James grabs April. Alice grabs Joy. Peter grabs Noah. Jason grabs Judy. Jason grabs,8,Judy
Helen helps Sheila. Donna helps Victoria. Thomas helps Teresa. Charles helps Jordan. Katie helps Patrick. Jenny helps Shawn. Sarah helps Ronald. Jerry helps Justin. Jerry helps,8,Justin
Jake boosts Kelly. Rad boosts Jenny. Kay boosts Kara. Gary boosts Liam. Jenny boosts Angela. Max boosts Isaac. Kurt boosts Irene. Megan boosts Vanessa. Megan boosts,8,Vanessa
Scott fights Amelia. Anna fights Liam. Kurt fights Lauren. Tony fights Victoria. Nick fights Ruby. Aaron fights Wayne. Leon fights Peggy. Emily fights Joan. Emily fights,8,Joan
Rose catches Nancy. Johnny catches Kay. Aaron catches Amelia. Eric catches Alison. Will catches Rob. Brian catches Ron. Howard catches Sandra. Dave catches Melanie. Dave catches,8,Melanie
Kelly affects Victoria. Jack affects Melanie. Lucy affects Travis. Grace affects Ronald. Ian affects Martha. Tom affects Leo. Donna affects Lydia. Laura affects Teresa. Laura affects,8,Teresa
Steve hugs William. Dean hugs Kirk. Will hugs Marie. Anna hugs Violet. James hugs Sara. Kay hugs Vanessa. Kim hugs Martha. Carol hugs Phil. Carol hugs,8,Phil
Paul urges Roy. Jerry urges Jean. Kelly urges Ted. Henry urges Patrick. Margaret urges Kathy. Fred urges Sylvia. Daniel urges Kay. Ryan urges Victoria. Ryan urges,8,Victoria
Tom cheers Liam. Andrew cheers Martin. Linda cheers Kay. Nick cheers Wanda. Rad cheers Sharon. Joe cheers Alison. Daniel cheers Howard. Frank cheers Adrian. Frank cheers,8,Adrian
Joe claims Justin. Hope claims Nathan. Joy claims Howard. Nick claims Rachel. Liz claims Jenny. George claims Todd. Faith claims Julian. Gary claims Travis. Gary claims,8,Travis
Rick answers William. Chris answers Andrea. Andrew answers Alison. Marie answers Sharon. Will answers Joan. John answers Victoria. Craig answers Ron. Alan answers Angela. Alan answers,8,Angela
Dennis draws Julian. Max draws Jerry. Maria draws Kyle. Mike draws Stan. Claire draws Melanie. Sarah draws Kara. Ryan draws Joy. Sam draws Vincent. Sam draws,8,Vincent
Peter pays Alison. Andrew pays Amber. Joseph pays Albert. Faith pays Howard. Alex pays Tyler. Josh pays Louis. Dean pays Jacob. Rick pays Marc. Rick pays,8,Marc
James praises Keith. Carl praises Ronald. Rad praises Kathy. Lauren praises Martha. Arthur praises Teresa. Austin praises Philip. Luke praises Sue. Claire praises Maggie. Claire praises,8,Maggie
David knows Tracy. Edward knows Aiden. Dave knows Violet. Kate knows Renee. Liz knows Rita. Dean knows Peggy. Jake knows Zach. Robert knows Howard. Robert knows,8,Howard
Steven feels Sue. Mary feels Terry. David feels Jacob. Jeff feels Ralph. Johnny feels Angela. Fred feels Julian. Joe feels Amelia. Amy feels Renee. Amy feels,8,Renee
Emily assists Teresa. Keith assists Norman. Rick assists Shawn. Faith assists Oscar. Emma assists Kara. Nick assists Peggy. Greg assists Wayne. Max assists Roger. Max assists,8,Roger
Sarah explains April. Steve explains Richard. Joe explains Neil. Emily explains Aiden. Gary explains Ray. Joseph explains Monica. Matt explains Louis. Rad explains Jordan. Rad explains,8,Jordan
Steve likes Logan. Dennis likes Stephen. Bob likes Violet. Alan likes Wanda. Liz likes Kurt. Matt likes Stephanie. Kay likes Neil. Rose likes Melanie. Rose likes,8,Melanie
Scott checks April. Steve checks Philip. Chris checks Alison. Fred checks Nancy. Jenny checks Rita. Arthur checks Todd. Bill checks Natalie. Dean checks Norman. Dean checks,8,Norman
Marc comforts Shawn. Jane comforts Michelle. Kathy comforts Tracy. Steven comforts Kyle. Dennis comforts Aiden. Harry comforts Leon. Marie comforts Adrian. Gary comforts Stan. Gary comforts,8,Stan
Gary heals Shawn. Jason heals Philip. Rick heals Rebecca. Jane heals Teresa. Jeff heals Isabel. Bob heals Juan. Bill heals April. Marie heals Kathy. Marie heals,8,Kathy
Louis holds Pamela. Alice holds Kirk. Joy holds Jacob. Eric holds Tyler. Rad holds Juan. Kyle holds Kay. Sarah holds Amber. Melissa holds Joy. Melissa holds,8,Joy
Lauren leads Sheila. Ian leads Sharon. John leads Isaac. Robert leads Rob. Martin leads Albert. Juan leads Johnny. Kevin leads Nicole. David leads Leon. David leads,8,Leon
Karen attracts Walter. Rose attracts Vincent. Susan attracts Marc. Joe attracts Lydia. Margaret attracts Albert. Liz attracts Nicole. Tony attracts Anthony. Eric attracts Rob. Eric attracts,8,Rob
Michael attacks Nancy. Eric attacks Stan. Anna attacks Andrea. Megan attacks Janet. Jack attacks Todd. Laura attacks Ray. Andrew attacks Jordan. Justin attacks Travis. Justin attacks,8,Travis
Kurt cleans Jenny. Rose cleans Joy. Kyle cleans Victoria. Hannah cleans Martin. Emma cleans Kirk. Mark cleans Adrian. Henry cleans Tyler. Thomas cleans Alison. Thomas cleans,8,Alison
Amy avoids Andrea. Liz avoids Angela. Robert avoids Jacob. Nick avoids Isaac. Bill avoids Jill. Jane avoids Todd. Michael avoids Philip. Fred avoids Amelia. Fred avoids,8,Amelia
Joe delivers Victoria. Matt delivers Sean. Ian delivers Sally. Craig delivers Lori. Kevin delivers Roger. Jack delivers Philip. Jeff delivers Martha. Jean delivers Patrick. Jean delivers,8,Patrick
Kurt backs Kim. Craig backs Jill. Chris backs Sally. Kelly backs Alicia. Anne backs Adrian. Rose backs Justin. Jerry backs Johnny. Steve backs Ian. Steve backs,8,Ian
Dean delivers Leo. Blake delivers Kim. Kim delivers Logan. Donna delivers Patrick. Lucy delivers Natalie. Diana delivers Sandra. Sarah delivers Sue. Rick delivers Kelly. Rick delivers,8,Kelly
Dave joins Violet. Steven joins Ruby. Laura joins Philip. Ellen joins Liam. Thomas joins Nancy. Kate joins Andrea. Kevin joins Olga. Max joins Justin. Max joins,8,Justin
Kate invites Jordan. Margaret invites Amelia. Alex invites Shawn. Louis invites Philip. John invites Natalie. Frank invites Sharon. Bill invites June. Jerry invites Marie. Jerry invites,8,Marie
Frank blocks Marc. Emma blocks Leo. Tom blocks Joan. Liz blocks Philip. Andrew blocks Martin. Marie blocks Teresa. Ken blocks Todd. Grace blocks Nicole. Grace blocks,8,Nicole
June texts Stephen. Mary texts Margaret. Liz texts Kay. George texts Ralph. Claire texts Sue. Frank texts Howard. Paul texts Pam. Robert texts Patrick. Robert texts,8,Patrick
Jane gives Ralph. Maggie gives Michael. Marie gives Jordan. Justin gives Alicia. Joseph gives Vanessa. Megan gives Walter. Arthur gives Valerie. Alex gives Phil. Alex gives,8,Phil
David answers Monica. Julia answers Zach. Mary answers Renee. Frank answers Norman. Howard answers Lydia. Luke answers Kay. Arthur answers Sheila. Alex answers Liz. Alex answers,8,Liz
